都道府県名,市区町村名,名称,文化財分類,種類,住所,緯度,経度
山口県,下関市,功山寺仏殿,国宝,建造物,下関市長府,34.005672,130.985809
山口県,下関市,住吉神社本殿,国宝,建造物,下関市一の宮住吉一丁目,34.002644,130.957153
山口県,山口市,瑠璃光寺五重塔,国宝,建造物,山口市香山町,34.189232,131.473114
山口県,下関市,住吉神社拝殿,重要文化財,建造物,下関市一の宮住吉一丁目,34.002644,130.957153
山口県,下関市,"旧下関英国領事館　本館・附属屋
　附　煉瓦塀・幣串",重要文化財,建造物,下関市唐戸町,33.957119,130.943436
山口県,下関市,六連島灯台,重要文化財,建造物,下関市大字六連島字船着,33.975601,130.863251
山口県,下関市,角島灯台,重要文化財,建造物,下関市豊北町大字角島,34.354969,130.859711
山口県,宇部市,宇部市渡辺翁記念会館,重要文化財,建造物,宇部市朝日町,33.957226,131.246597
山口県,山口市,"今八幡宮楼門
　附　　絵馬一枚",重要文化財,建造物,山口市八幡馬場,34.185509,131.482269
山口県,山口市,"今八幡宮本殿
　附　　宮殿三基　棟札二枚　",重要文化財,建造物,山口市八幡馬場,34.185509,131.482269
山口県,山口市,今八幡宮拝殿,重要文化財,建造物,山口市八幡馬場,34.185509,131.482269
山口県,山口市,平清水八幡宮本殿,重要文化財,建造物,山口市吉田,34.139793,131.471832
山口県,山口市,"洞春寺観音堂
　附　　伝厨子裏板一枚",重要文化財,建造物,山口市水の上町,34.186665,131.473495
山口県,山口市,"八坂神社本殿
　附　　棟札二枚",重要文化財,建造物,山口市上竪小路,34.187271,131.476929
山口県,山口市,"古熊神社本殿
　附　　宮殿一基",重要文化財,建造物,山口市古熊一丁目,34.176537,131.484314
山口県,山口市,古熊神社拝殿,重要文化財,建造物,山口市古熊一丁目,34.176537,131.484314
山口県,山口市,"月輪寺薬師堂
　附　　厨子一基　棟札二枚",重要文化財,建造物,山口市徳地上村,34.149212,131.710846
山口県,山口市,龍福寺本堂,重要文化財,建造物,山口市大殿大路,34.183681,131.48056
山口県,山口市,洞春寺山門,重要文化財,建造物,山口市水の上町,34.186665,131.473495
山口県,山口市,"山口県旧県庁舎及び県会議事堂
　附　　棟札一枚
　附　　工事関係記録六冊　設計図五枚",重要文化財,建造物,山口市滝町,34.188477,131.465515
山口県,山口市,"正八幡宮
　本殿・拝殿・楼門及び庁屋
　附　　棟札一枚",重要文化財,建造物,山口市秋穂西,34.02895,131.440475
山口県,山口市,"有近家住宅
　主屋・米蔵・長屋・漬物小屋・正門・仕込蔵及び留蔵・瓶洗場",重要文化財,建造物,山口市徳地八坂,34.223145,131.664078
山口県,萩市,"常念寺表門
　附　　棟札一枚",重要文化財,建造物,萩市下五間町,34.413631,131.401978
山口県,萩市,"旧厚狭毛利家萩屋敷長屋
　附　　棟札一枚",重要文化財,建造物,萩市大字堀内,34.416138,131.384445
山口県,萩市,"東光寺
　大雄宝殿（附　棟札三枚）・鐘楼・三門（附　棟札一枚）・総門",重要文化財,建造物,萩市大字椿東,34.426121,131.413086
山口県,萩市,"森田家住宅
　附　　貫木門一棟
　　　　塀重門一棟
　　　　文書一通　",重要文化財,建造物,萩市大字黒川,34.44828,131.477112
山口県,萩市,"口羽家住宅
　主屋・表門",重要文化財,建造物,萩市大字堀内,34.416138,131.384445
山口県,萩市,"菊屋家住宅
　主屋・本蔵・金蔵・米蔵・釜場
　附　　土塀二棟・古図一枚",重要文化財,建造物,萩市呉服町,34.412678,131.393188
山口県,萩市,"熊谷家住宅
　主屋・離れ座敷・本蔵・宝蔵",重要文化財,建造物,萩市今魚店町,34.417732,131.393845
山口県,萩市,"大照院
　本堂・庫裡・書院・鐘楼門・経蔵",重要文化財,建造物,萩市大字椿,34.389774,131.405716
山口県,防府市,"国分寺金堂
　附　　旧風鐸　一個
　　　　旧獅子口（鰭付）一個",重要文化財,建造物,防府市国分寺町,34.064667,131.579483
山口県,防府市,"旧毛利家本邸
　本館・女中部屋・台所・洗濯所・奥土蔵・台所付倉庫・用達所倉庫・二階建物置・画像堂・石橋・門番所・本門
　附　　湯沸場一棟・雑品物置上屋一棟・小使溜り一棟・作事納屋一棟・供待一棟・棟札一枚・建築関係資料176点・設計図面175枚・防府邸新築竣成報告書１冊",重要文化財,建造物,防府市多々良一丁目,34.063034,131.586716
山口県,下松市,"閼伽井坊多宝塔
　附　　棟札五枚",重要文化財,建造物,下松市大字末武上,34.043716,131.869751
山口県,岩国市,旧目加田家住宅,重要文化財,建造物,岩国市横山二丁目,34.170841,132.176147
山口県,岩国市,"吉香神社
　本殿・拝殿及び幣殿・神門・鳥居
　附　棟札二枚",重要文化財,建造物,岩国市横山二丁目,34.170841,132.176147
山口県,光市,"石城神社本殿
　附　　宮殿一基・棟札二枚",重要文化財,建造物,光市大字塩田,33.998238,132.037231
山口県,長門市,早川家住宅,重要文化財,建造物,長門市通,34.427689,131.244095
山口県,柳井市,国森家住宅,重要文化財,建造物,柳井市大字柳井津,33.967808,132.110336
山口県,山陽小野田市,旧小野田セメント製造株式会社竪窯,重要文化財,建造物,山陽小野田市大字小野田,33.957695,131.172302
山口県,上関町,"四階楼
　附　　弊串一本",重要文化財,建造物,上関町大字室津,33.846363,132.134216
山口県,防府市,"紙本墨画淡彩四季山水図　雪舟筆
　　　文明十八年の年紀がある
　附　　紙本墨書送雪舟帰国詩並序　徐璉筆　一幅
　附　　紙本墨画淡彩四季山水図　伝雲谷等顔筆　一巻",国宝,美術工芸品,防府市多々良一丁目,34.063034,131.586716
山口県,防府市,"鉄宝塔（水晶五輪塔共）
　建久八年十一月二十二日、造東大寺大勧進大和尚位南無阿弥陀仏在銘",国宝,美術工芸品,防府市大字牟礼,34.070194,131.610596
山口県,防府市,菊造腰刀　　刀身無銘　伝当麻,国宝,美術工芸品,防府市多々良一丁目,34.063034,131.586716
山口県,防府市,紙本墨書古今和歌集巻第八（高野切本）,国宝,美術工芸品,防府市多々良一丁目,34.063034,131.586716
山口県,防府市,"史記呂后本紀第九
　延久五年正月大江家国書写加点奥書",国宝,美術工芸品,防府市多々良一丁目,34.063034,131.586716
山口県,岩国市,"太刀　銘為次（狐ヶ崎）
　附　黒漆太刀拵",国宝,美術工芸品,岩国市横山二丁目,34.170841,132.176147
山口県,岩国市,"刀　金象嵌銘　天正十三十二月日江本阿彌磨上之（花押）
所持稲葉勘右衛門尉（名物稲葉江）",国宝,美術工芸品,岩国市横山二丁目,34.170841,132.176147
山口県,下関市,絹本著色十二天曼荼羅図（寺伝安鎮曼荼羅）,重要文化財,美術工芸品,下関市東南部町,34.047153,131.008575
山口県,下関市,絹本著色仁王経曼荼羅図,重要文化財,美術工芸品,下関市豊田町大字江良,34.180023,131.044037
山口県,下関市,木造不動明王立像,重要文化財,美術工芸品,下関市豊田町大字江良,34.180023,131.044037
山口県,下関市,木造薬師如来立像,重要文化財,美術工芸品,下関市西南部町,34.047359,131.003052
山口県,下関市,木造阿弥陀如来坐像,重要文化財,美術工芸品,下関市豊浦町大字黒井,34.119259,130.920685
山口県,下関市,銅鐘,重要文化財,美術工芸品,下関市一の宮住吉一丁目,34.002644,130.957153
山口県,下関市,刀　　（無銘）（伝則宗）,重要文化財,美術工芸品,下関市長府,34.005672,130.985809
山口県,下関市,太刀　銘備州長船盛光応永廿三年八月　日,重要文化財,美術工芸品,下関市長府,34.005672,130.985809
山口県,下関市,金銅牡丹唐草透唐鞍,重要文化財,美術工芸品,下関市一の宮住吉一丁目,34.002644,130.957153
山口県,下関市,紙本墨書平家物語（長門本）,重要文化財,美術工芸品,下関市阿弥陀寺町,33.95937,130.94838
山口県,下関市,紙本墨書豊浦宮法楽和歌　尊氏外三人筆,重要文化財,美術工芸品,下関市長府,34.005672,130.985809
山口県,下関市,住吉社法楽百首和歌短冊（明応四年十二月）,重要文化財,美術工芸品,下関市一の宮住吉一丁目,34.002644,130.957153
山口県,下関市,赤間神宮文書,重要文化財,美術工芸品,下関市阿弥陀寺町,33.95937,130.94838
山口県,下関市,"忌宮神社文書（三百七十二通）
　附　忌宮神社記録
忌宮神社境内絵図（著色）",重要文化財,美術工芸品,下関市長府,34.005672,130.985809
山口県,下関市,長門国鋳銭遺物,重要文化財,美術工芸品,下関市長府川端二丁目,33.993938,130.98381
山口県,宇部市,"南嶺子越住筑前聖福寺諸山疏并江湖疏
　延文四年八月（絹本）",重要文化財,美術工芸品,宇部市棚井,34.024616,131.238785
山口県,宇部市,"慶長国絵図　控図
　周防国・長門国",重要文化財,美術工芸品,宇部市朝日町,33.957226,131.246597
山口県,山口市,絹本著色維摩居士像,重要文化財,美術工芸品,山口市水の上町,34.186665,131.473495
山口県,山口市,"紙本墨画山水図　雪舟筆
　奥ニ長谷川某模写ノ補図及識語（文明六年雪舟記）並ニ木下長俊ノ跋文アリ",重要文化財,美術工芸品,山口市亀山町,34.17981,131.47316
山口県,山口市,紙本淡彩放牛図　雪舟筆（?李唐）（渡河）,重要文化財,美術工芸品,山口市亀山町,34.17981,131.47316
山口県,山口市,紙本淡彩放牛図　雪舟筆（?李唐）（牧童）,重要文化財,美術工芸品,山口市亀山町,34.17981,131.47316
山口県,山口市,"絹本著色毛利元就像
　永禄五年九月仁如集尭の賛がある",重要文化財,美術工芸品,山口市野田,34.185486,131.479904
山口県,山口市,"紙本墨画天神図
　永享元年十一月惟肖得巌の賛がある",重要文化財,美術工芸品,山口市古熊一丁目,34.176537,131.484314
山口県,山口市,木造十一面観音立像,重要文化財,美術工芸品,山口市八幡馬場,34.185509,131.482269
山口県,山口市,木造大日如来坐像,重要文化財,美術工芸品,山口市吉敷,34.183544,131.411957
山口県,山口市,木造平子重経（沙弥西仁）坐像,重要文化財,美術工芸品,山口市仁保下郷,34.190407,131.542496
山口県,山口市,"太刀　銘□友　伝助友
　附　　衛府太刀拵",重要文化財,美術工芸品,山口市野田,34.185486,131.479904
山口県,山口市,鰐口（大内義隆寄進）,重要文化財,美術工芸品,山口市八幡馬場,34.185509,131.482269
山口県,山口市,梵鐘（大内義隆寄進）,重要文化財,美術工芸品,山口市大内御堀,34.138813,131.497375
山口県,山口市,"四天王図鎗金扉
　平江管勝造の黒漆印銘がある",重要文化財,美術工芸品,山口市吉敷,34.183544,131.411957
山口県,山口市,熊谷家文書（二百十五通）,重要文化財,美術工芸品,山口市後河原,34.184097,131.476364
山口県,山口市,"有光家文書
　長門国正吉郷入江塩浜絵図",重要文化財,美術工芸品,山口市後河原,34.184097,131.476364
山口県,山口市,"防長土図
　附　　長持並櫃　明和四年四月",重要文化財,美術工芸品,山口市春日町,34.182281,131.471695
山口県,山口市,正徳元年朝鮮通信使進物並びに進物目録,重要文化財,美術工芸品,山口市春日町,34.182281,131.471695
山口県,山口市,大内版法華経板木,重要文化財,美術工芸品,山口市後河原,34.184097,131.476364
山口県,山口市,山口県行政文書,重要文化財,美術工芸品,山口市後河原,34.184097,131.476364
山口県,山口市,"過書船旗　天正九年四月廿八日
能島村上家文書",重要文化財,美術工芸品,山口市後河原,34.184097,131.476364
山口県,萩市,絹本著色春冬山水図　　載文進筆,重要文化財,美術工芸品,萩市呉服町,34.412678,131.393188
山口県,萩市,木造聖観音立像,重要文化財,美術工芸品,萩市大字椿,34.389774,131.405716
山口県,萩市,木造千手観音立像,重要文化財,美術工芸品,萩市大字椿,34.389774,131.405716
山口県,萩市,木造赤童子立像,重要文化財,美術工芸品,萩市大字椿,34.389774,131.405716
山口県,萩市,"太刀　銘延吉
　附　　絲巻太刀拵",重要文化財,美術工芸品,萩市大字堀内,34.416138,131.384445
山口県,萩市,"太刀　銘光房　弘安三年十月　日
　附　　革包太刀拵",重要文化財,美術工芸品,萩市大字堀内,34.416138,131.384445
山口県,萩市,雪峯東山空和尚外集（石屏子介手沢本）,重要文化財,美術工芸品,萩市大字椿東,34.426121,131.413086
山口県,萩市,"日明貿易船旗　万暦十二年十月吉日（麻布）
高洲家文書",重要文化財,美術工芸品,萩市土原,34.410404,131.404388
山口県,防府市,"紙本著色松崎天神縁起箱入 
　　応長元年閏六月の奥書がある
　附　　紙本著色松崎天神縁起　六巻",重要文化財,美術工芸品,防府市松崎町,34.063343,131.575256
山口県,防府市,"紙本著色毛利元就像
　天正十九年竜喜ノ賛アリ",重要文化財,美術工芸品,防府市多々良一丁目,34.063034,131.586716
山口県,防府市,木造重源坐像,重要文化財,美術工芸品,防府市大字牟礼,34.070194,131.610596
山口県,防府市,木造大日如来坐像,重要文化財,美術工芸品,防府市松崎町,34.063343,131.575256
山口県,防府市,木造日光菩薩立像・木造月光菩薩立像,重要文化財,美術工芸品,防府市国分寺町,34.064667,131.579483
山口県,防府市,木造四天王立像,重要文化財,美術工芸品,防府市国分寺町,34.064667,131.579483
山口県,防府市,木造阿弥陀如来坐像,重要文化財,美術工芸品,防府市国分寺町,34.064667,131.579483
山口県,防府市,木造金剛力士立像,重要文化財,美術工芸品,防府市大字牟礼,34.070194,131.610596
山口県,防府市,"木造獅子頭
　上顎内面に正平十年の修理銘がある
　附　木造獅子頭一面
　　　　下顎内面に正平十年の銘がある
　附　木造鼻高面一面
　　　　正平十年の朱塗銘がある",重要文化財,美術工芸品,防府市松崎町,34.063343,131.575256
山口県,防府市,"木造薬師如来坐像
　附　木造仏手",重要文化財,美術工芸品,防府市国分寺町,34.064667,131.579483
山口県,防府市,太刀　銘備前国□□（伝友成）,重要文化財,美術工芸品,防府市多々良一丁目,34.063034,131.586716
山口県,防府市,"金銅宝塔
　天神宝前安置承安二年二月廿九日ノ銘アリ",重要文化財,美術工芸品,防府市松崎町,34.063343,131.575256
山口県,防府市,"浅黄糸威褄取鎧　兜付
　附　立挙脛当一双
　附　鎧唐櫃　
　　　　正長二年正月廿六日の朱漆寄進銘がある",重要文化財,美術工芸品,防府市松崎町,34.063343,131.575256
山口県,防府市,浅黄糸威鎧,重要文化財,美術工芸品,防府市松崎町,34.063343,131.575256
山口県,防府市,"梵鐘
　鋳出銘のうち「文応辛酉年沽洗庚午日」「鋳工沙弥生蓮」とある",重要文化財,美術工芸品,防府市松崎町,34.063343,131.575256
山口県,防府市,色々威腹巻　兜、大袖、喉輪付,重要文化財,美術工芸品,防府市多々良一丁目,34.063034,131.586716
山口県,防府市,"紙本墨書刀絵図
　文禄三年六月十四日本阿弥光徳の安芸宰相宛奥書がある",重要文化財,美術工芸品,防府市多々良一丁目,34.063034,131.586716
山口県,防府市,能装束　紅萌葱地山道菊桐文片身替唐織,重要文化財,美術工芸品,防府市多々良一丁目,34.063034,131.586716
山口県,防府市,紅地桐文散錦直垂,重要文化財,美術工芸品,防府市多々良一丁目,34.063034,131.586716
山口県,防府市,紫韋威鎧,重要文化財,美術工芸品,防府市松崎町,34.063343,131.575256
山口県,防府市,松藤蒔絵文台硯箱,重要文化財,美術工芸品,防府市松崎町,34.063343,131.575256
山口県,防府市,"紺紙金泥般若心経　後奈良院宸翰
　附　　光豊寄進状一通",重要文化財,美術工芸品,防府市国分寺町,34.064667,131.579483
山口県,防府市,紙本墨書阿弥陀寺田畠注文並免除状,重要文化財,美術工芸品,防府市牟礼,34.070194,131.610596
山口県,防府市,"紙本墨書東大寺領周防国宮野庄田畠等立券文
　建久六年九月日
　俊乗坊重源ノ袖判裏判アリ",重要文化財,美術工芸品,防府市牟礼,34.070194,131.610596
山口県,防府市,"紙本墨書周防国阿弥陀寺田畠注文
　正治二年十月日",重要文化財,美術工芸品,防府市牟礼,34.070194,131.610596
山口県,防府市,"紙本墨書後深草天皇宸翰御消息
　十二月廿五日",重要文化財,美術工芸品,防府市多々良一丁目,34.063034,131.586716
山口県,防府市,"毛利家文書
　一、毛利家重書文書
　附　　寛延二年二月御什書惣目録一冊
　一、歴代藩主関係文書",重要文化財,美術工芸品,防府市多々良一丁目,34.063034,131.586716
山口県,防府市,"周防国一宮造替神殿宝物等目録
　建久六年九月廿八日重源加判
　附　　建武二年九月日周防国一宮玉祖社造替目録（大内弘幸加判）一巻
　文明十一年十二月八日周防国一宮玉祖社御神用米在所注文（大内政弘加判）一巻",重要文化財,美術工芸品,防府市大字大崎,34.072056,131.543915
山口県,防府市,鉄印　東大寺槌印,重要文化財,美術工芸品,防府市大字牟礼,34.070194,131.610596
山口県,防府市,大内氏勘合貿易印等関係資料,重要文化財,美術工芸品,防府市多々良一丁目,34.063034,131.586716
山口県,岩国市,"太刀　銘備前国福岡住左兵衛尉長則
　　　嘉元（以下不明）",重要文化財,美術工芸品,岩国市横山二丁目,34.170841,132.176147
山口県,岩国市,太刀　銘安吉,重要文化財,美術工芸品,岩国市今津町六丁目,34.161911,132.211395
山口県,岩国市,"太刀　銘貞和三年丁亥十月　日守吉作
　　　防州白崎八幡宮御剣　　　願主源兼胤
　　附　　太刀（同銘無焼刃）一口",重要文化財,美術工芸品,岩国市今津町六丁目,34.161911,132.211395
山口県,岩国市,山道草花鶴亀文繍箔胴服,重要文化財,美術工芸品,岩国市横山二丁目,34.170841,132.176147
山口県,岩国市,色々威腹巻,重要文化財,美術工芸品,岩国市横山二丁目,34.170841,132.176147
山口県,岩国市,"紙本墨書吾妻鏡　四十七冊並ニ年譜一冊
　第四十七冊ニ大永二年右田弘詮書写ノ奥書アリ",重要文化財,美術工芸品,岩国市横山二丁目,34.170841,132.176147
山口県,岩国市,"紙本墨書細字法華経八巻
　附　　仁和寺任助法親王御譲状（天正十二年六月廿一日）一通",重要文化財,美術工芸品,岩国市横山二丁目,34.170841,132.176147
山口県,岩国市,"太平記　吉川元春筆
　各冊自永禄六年至八年書写奥書
　附　　太平記目録一冊",重要文化財,美術工芸品,岩国市横山二丁目,34.170841,132.176147
山口県,岩国市,元亨釈書　　吉川経基筆,重要文化財,美術工芸品,岩国市横山二丁目,34.170841,132.176147
山口県,岩国市,吉川家文書,重要文化財,美術工芸品,岩国市横山二丁目,34.170841,132.176147
山口県,光市,"銅鐘
　周防州三井村賀茂霊祠撞鐘貞治六年三月十五日ノ後銘アリ",重要文化財,美術工芸品,光市三井一丁目,33.988079,131.940399
山口県,長門市,木造釈迦如来立像・木造阿弥陀如来立像,重要文化財,美術工芸品,長門市油谷向津具下,34.414085,130.971558
山口県,長門市,有柄細形銅剣,重要文化財,美術工芸品,長門市油谷向津具下,34.414085,130.971558
山口県,周南市,"絹本著色陶弘護像
　文明十六年十一月牧松周省の賛がある",重要文化財,美術工芸品,周南市大字大道理,34.166866,131.798431
山口県,周南市,山口県竹島古墳出土品,重要文化財,美術工芸品,周南市本陣町,34.074692,131.732193
山口県,周防大島町,木造阿弥陀如来坐像,重要文化財,美術工芸品,周防大島町大字日見,33.90353,132.188919
山口県,光市,山本　晃,重要無形文化財,工芸技術,光市,33.961895,131.942123
山口県,下関市,蓋井島「山ノ神」の森,重要有形民俗文化財,,下関市蓋井島,34.103645,130.786667
山口県,山口市,岸見の石風呂,重要有形民俗文化財,,山口市徳地岸見,34.154419,131.609421
山口県,萩市,須佐宝泉寺・黄帝社奉納船絵馬,重要有形民俗文化財,,萩市須佐,34.62389,131.623734
山口県,防府市,江崎のまるきぶね,重要有形民俗文化財,,防府市お茶屋町,34.045654,131.572754
山口県,防府市,製塩用具,重要有形民俗文化財,,防府市お茶屋町,34.045654,131.572754
山口県,防府市,"阿弥陀寺の湯屋
　附　旧鉄湯釜一口
　附　鉄湯舟残欠一口",重要有形民俗文化財,,防府市大字牟礼,34.070194,131.610596
山口県,長門市,赤崎神社楽桟敷,重要有形民俗文化財,,長門市東深川,34.37117,131.186829
山口県,長門市,長門の捕鯨用具,重要有形民俗文化財,,長門市通,34.427689,131.244095
山口県,周防大島町,久賀の石風呂,重要有形民俗文化財,,周防大島町大字久賀,33.937672,132.266953
山口県,周防大島町,久賀の諸職用具,重要有形民俗文化財,,周防大島町大字久賀,33.937672,132.266953
山口県,周防大島町,周防大島東部の生産用具,重要有形民俗文化財,,周防大島町大字西方,33.885509,132.357452
山口県,山口市,地福のトイトイ,重要無形民俗文化財,,山口市阿東地福上、地福下,34.378544,131.662231
山口県,岩国市,岩国行波の神舞,重要無形民俗文化財,,岩国市大字行波,34.17498,132.091461
山口県,岩国市,周防祖生の柱松行事,重要無形民俗文化財,,岩国市周東町祖生,34.068264,132.115631
山口県,柳井市,阿月の神明祭,重要無形民俗文化財,,柳井市大字阿月,33.878376,132.132141
山口県,周南市,三作神楽,重要無形民俗文化財,,周南市大字夏切,34.164524,131.73912
山口県,周南市,八代のツルおよびその渡来地,特別天然記念物,,"下松市大字瀬戸字大峠
周南市大字八代",34.067902,131.888947
山口県,美祢市,秋芳洞,特別天然記念物,,美祢市秋芳町大字秋吉,34.232285,131.297791
山口県,美祢市,秋吉台,特別天然記念物,,美祢市美東町・秋芳町,34.201679,131.367752
山口県,下関市,長門鋳銭所跡,史跡,,下関市長府安養寺三丁目,34.001118,130.982605
山口県,下関市,高杉晋作墓,史跡,,下関市大字吉田,34.088898,131.063248
山口県,下関市,中山忠光墓,史跡,,下関市綾羅木本町,34.004837,130.927383
山口県,下関市,土井ヶ浜遺跡,史跡,,下関市豊北町大字神田上,34.281658,130.900955
山口県,下関市,綾羅木郷遺跡,史跡,,下関市綾羅木,34.013145,130.930161
山口県,下関市,梶栗浜遺跡,史跡,,下関市大字富任字久保,34.019386,130.931107
山口県,下関市,仁馬山古墳,史跡,,下関市大字延行・有富,34.013435,130.939789
山口県,下関市,長州藩下関前田台場跡,史跡,,下関市前田一丁目,33.975075,130.971085
山口県,下関市,勝山御殿跡,史跡,,下関市大字田倉,34.021545,130.971832
山口県,下関市,石柱溪,名勝;天然記念物,,下関市豊田町大字今出,34.248734,131.149384
山口県,下関市,狗留孫山,名勝,,下関市豊田町大字杢路子,34.216145,131.001648
山口県,下関市,川棚のクスの森,天然記念物,,下関市豊浦町大字川棚,34.168091,130.95723
山口県,下関市,満珠樹林,天然記念物,,下関市大字豊浦村,33.995586,130.977066
山口県,下関市,干珠樹林,天然記念物,,下関市大字豊浦村,33.995586,130.977066
山口県,下関市,大吼谷蝙蝠洞,天然記念物,,下関市豊浦町大字小串,34.176769,130.937637
山口県,下関市,小串エヒメアヤメ自生南限地帯,天然記念物,,下関市豊浦町大字小串,34.176769,130.937637
山口県,下関市,六連島の雲母玄武岩,天然記念物,,下関市大字六連島,33.975601,130.863251
山口県,下関市,壁島ウ渡来地,天然記念物,,下関市豊北町大字神田上,34.281658,130.900955
山口県,下関市,恩徳寺の結びイブキ,天然記念物,,下関市豊北町大字神田,34.328148,130.901138
山口県,下関市,木屋川・音信川ゲンジボタル発生地,天然記念物,,下関市,33.957287,130.940964
山口県,宇部市,宗隣寺庭園,名勝,,宇部市大字小串,33.949139,131.232529
山口県,宇部市,吉部の大岩郷,天然記念物,,宇部市大字西吉部,34.118626,131.258057
山口県,山口市,常栄寺庭園,史跡;名勝,,山口市宮野下,34.200893,131.502975
山口県,山口市,大村益次郎墓,史跡,,山口市鋳銭司,34.086681,131.464523
山口県,山口市,野谷石風呂,史跡,,山口市徳地野谷,34.291553,131.642426
山口県,山口市,佐波川関水,史跡,,山口市徳地船路,34.26215,131.667877
山口県,山口市,陶陶窯跡,史跡,,山口市陶,34.094673,131.428513
山口県,山口市,大内氏遺跡附凌雲寺跡,史跡,,山口市上宇野令ほか,34.2076,131.461365
山口県,山口市,周防鋳銭司跡,史跡,,山口市鋳銭司,34.086681,131.464523
山口県,山口市,萩藩主毛利家墓所,史跡,,山口市香山町,34.189232,131.473114
山口県,山口市,朝田墳墓群,史跡,,山口市朝田・吉敷,34.149879,131.417313
山口県,山口市,萩往還（関連遺跡：国境の碑・一の坂一里塚・六軒茶屋）,史跡,,山口市,34.178333,131.473892
山口県,山口市,周防灘干拓遺跡（名田島新開作南蛮樋）,史跡,,山口市名田島,34.068817,131.414719
山口県,山口市,長門峡,名勝,,山口市阿東,34.444439,131.66835
山口県,山口市,常徳寺庭園,名勝,,山口市阿東蔵目喜,34.387344,131.568405
山口県,山口市,小郡町ナギ自生北限地,天然記念物,,山口市小郡上郷,34.134544,131.395523
山口県,山口市,平川の大スギ,天然記念物,,山口市吉田,34.139793,131.471832
山口県,山口市,法泉寺のシンパク,天然記念物,,山口市滝町,34.188477,131.465515
山口県,山口市,山口ゲンジボタル発生地,天然記念物,,山口市（一円）,34.178333,131.473892
山口県,山口市,龍蔵寺のイチョウ,天然記念物,,山口市吉敷,34.183544,131.411957
山口県,山口市,出雲神社ツルマンリョウ自生地,天然記念物,,山口市徳地堀,34.189011,131.636612
山口県,萩市,松下村塾,史跡,,萩市大字椿東,34.426121,131.413086
山口県,萩市,吉田松陰幽囚ノ旧宅,史跡,,萩市大字椿東,34.426121,131.413086
山口県,萩市,萩反射炉,史跡,,萩市大字椿東,34.426121,131.413086
山口県,萩市,旧萩藩校明倫館,史跡,,萩市大字江向,34.406464,131.397812
山口県,萩市,木戸孝允旧宅,史跡,,萩市呉服町,34.412678,131.393188
山口県,萩市,伊藤博文旧宅,史跡,,萩市大字椿東,34.426121,131.413086
山口県,萩市,旧萩藩御船倉,史跡,,萩市大字東浜崎,34.419552,131.402603
山口県,萩市,萩城跡,史跡,,萩市大字堀内字旧城ほか,34.416138,131.384445
山口県,萩市,萩城城下町,史跡,,萩市呉服町・南古萩町,34.412678,131.393188
山口県,萩市,萩藩主毛利家墓所,史跡,,"萩市大字堀内
萩市大字椿字青海
萩市大字椿東字松本",34.416138,131.384445
山口県,萩市,見島ジーコンボ古墳群,史跡,,萩市見島,34.778282,131.140091
山口県,萩市,萩往還（関連遺跡：唐樋札場跡・涙松跡・悴坂一里塚跡・悴坂駕籠建場・上長瀬一里塚・逆修石）,史跡,,萩市,34.408054,131.39917
山口県,萩市,大板山たたら製鉄遺跡,史跡,,萩市大字紫福,34.473858,131.522369
山口県,萩市,恵美須ヶ鼻造船所跡,史跡,,萩市大字椿東,34.426121,131.413086
山口県,萩市,長門峡,名勝,,萩市,34.408054,131.39917
山口県,萩市,須佐湾,名勝;天然記念物,,萩市須佐,34.62389,131.623734
山口県,萩市,明神池,天然記念物,,萩市大字椿東越ヶ浜,34.426121,131.413086
山口県,萩市,笠山コウライタチバナ自生地,天然記念物,,萩市大字椿東,34.426121,131.413086
山口県,萩市,見島ウシ産地,天然記念物,,萩市見島,34.778282,131.140091
山口県,萩市,見島のカメ生息地,天然記念物,,萩市見島,34.778282,131.140091
山口県,萩市,川上のユズおよびナンテン自生地,天然記念物,,萩市川上字遠谷,34.35368,131.495499
山口県,萩市,須佐高山の磁石石,天然記念物,,萩市大字須佐,34.62389,131.623734
山口県,萩市,指月山,天然記念物,,萩市大字堀内字旧城,34.416138,131.384445
山口県,防府市,敷山城跡,史跡,,防府市大字牟礼,34.070194,131.610596
山口県,防府市,周防国衙跡,史跡,,防府市国衙ほか,34.054188,131.584061
山口県,防府市,大日古墳,史跡,,防府市大字高井,34.07885,131.546982
山口県,防府市,周防国分寺旧境内,史跡,,防府市国分寺町,34.064667,131.579483
山口県,防府市,萩往還（関連遺跡：宮市本陣兄部家・三田尻御茶屋旧構内・住吉神社石造燈台・三田尻御舟倉跡）,史跡,,防府市,34.051945,131.562775
山口県,防府市,毛利氏庭園,名勝,,防府市多々良一丁目,34.063034,131.586716
山口県,防府市,エヒメアヤメ自生南限地帯,天然記念物,,防府市大字西浦,34.023197,131.521393
山口県,防府市,向島タヌキ生息地,天然記念物,,防府市大字向島,34.005028,131.580688
山口県,岩国市,錦帯橋,名勝,,岩国市錦見・横山,34.170242,132.188629
山口県,岩国市,岩屋観音窟,天然記念物,,岩国市美川町根笠,34.17886,131.997543
山口県,岩国市,南桑カジカガエル生息地,天然記念物,,岩国市美川町南桑,34.211948,132.02681
山口県,光市,石城山神籠石,史跡,,光市石城・山中,33.961895,131.942123
山口県,光市,峨嵋山樹林,天然記念物,,光市大字室積,33.931297,131.973618
山口県,長門市,大日比ナツミカン原樹,史跡;天然記念物,,長門市仙崎,34.390049,131.198837
山口県,長門市,青海島鯨墓,史跡,,長門市通,34.427689,131.244095
山口県,長門市,村田清風旧宅および墓,史跡,,長門市三隅下,34.363853,131.223495
山口県,長門市,青海島,名勝;天然記念物,,長門市仙崎・通,34.390049,131.198837
山口県,長門市,俵島,名勝;天然記念物,,長門市油谷向津具下,34.414085,130.971558
山口県,長門市,竜宮の潮吹,天然記念物;名勝,,長門市油谷津黄,34.41777,131.078171
山口県,長門市,木屋川・音信川ゲンジボタル発生地,天然記念物,,長門市,34.37056,131.182617
山口県,柳井市,茶臼山古墳,史跡,,柳井市大字柳井,33.983452,132.112854
山口県,柳井市,余田臥龍梅,天然記念物,,柳井市大字余田,33.98584,132.067093
山口県,美祢市,長登銅山跡,史跡,,美祢市美東町大字長登地内,34.232838,131.357422
山口県,美祢市,景清穴,天然記念物,,美祢市美東町,34.201679,131.367752
山口県,美祢市,大正洞,天然記念物,,美祢市美東町,34.201679,131.367752
山口県,美祢市,中尾洞,天然記念物,,美祢市秋芳町大字青景,34.232285,131.297791
山口県,美祢市,万倉の大岩郷,天然記念物,,美祢市伊佐町奥万倉,34.136124,131.230743
山口県,周南市,大玉スギ,天然記念物,,周南市大字須々万,34.149956,131.870239
山口県,山陽小野田市,周防灘干拓遺跡（高泊開作浜五挺唐樋）,史跡,,山陽小野田市大字西高泊,34.008778,131.163803
山口県,周防大島町,安下庄のシナナシ,天然記念物,,周防大島町大字西安下庄,33.893017,132.263794
山口県,阿武町,白須たたら製鉄遺跡,史跡,,阿武町惣郷白須,34.584091,131.576477
山口県,,オオサンショウウオ,特別天然記念物,,地域を定めず,,
山口県,,烏骨鶏,天然記念物,,地域を定めず,,
山口県,,黒柏鶏,天然記念物,,地域を定めず,,
山口県,,岩国のシロヘビ,天然記念物,,地域を定めず,,
山口県,萩市,三輪邦廣（三輪休和）,記録作成等の措置を講ずべき無形文化財,陶芸（萩焼）,萩市,34.408054,131.39917
山口県,長門市,十二代　坂倉新兵衛,記録作成等の措置を講ずべき無形文化財,陶芸（萩焼）,長門市,34.37056,131.182617
山口県,山口市,山口鷺流狂言保存会,記録作成等の措置を講ずべき無形文化財,能楽（鷺流狂言）,山口市,34.178333,131.473892
山口県,下関市,蓋井島「山の神」神事,記録作成等の措置を講ずべき無形の民俗文化財,,下関市蓋井島,34.103645,130.786667
山口県,山口市,徳地人形浄瑠璃,記録作成等の措置を講ずべき無形の民俗文化財,,山口市徳地堀,34.189011,131.636612
山口県,防府市,玉祖神社の占手神事,記録作成等の措置を講ずべき無形の民俗文化財,,防府市大崎,34.072056,131.543915
山口県,岩国市,岩国南条踊,記録作成等の措置を講ずべき無形の民俗文化財,,岩国市,34.166595,132.218842
山口県,岩国市,行波の神舞,記録作成等の措置を講ずべき無形の民俗文化財,,岩国市行波,34.17498,132.091461
山口県,長門市,赤崎神社奉納芸能,記録作成等の措置を講ずべき無形の民俗文化財,,長門市深川,34.332188,131.172775
山口県,長門市,滝坂神楽舞,記録作成等の措置を講ずべき無形の民俗文化財,,長門市三隅上,34.349613,131.303635
山口県,周南市,八代の花笠踊,記録作成等の措置を講ずべき無形の民俗文化財,,周南市大字八代,34.094254,131.945099
山口県,周南市,三作神楽,記録作成等の措置を講ずべき無形の民俗文化財,,周南市大字夏切,34.164524,131.73912
山口県,,周防・長門の辻堂の習俗,記録作成等の措置を講ずべき無形の民俗文化財,,県内全域,,
山口県,萩市,萩市堀内地区伝統的建造物群保存地区,重要伝統的建造物群保存地区,,萩市大字堀内,34.416138,131.384445
山口県,萩市,萩市平安古地区伝統的建造物群保存地区,重要伝統的建造物群保存地区,,萩市大字平安古町字平安古,34.406136,131.38855
山口県,萩市,萩市浜崎伝統的建造物群保存地区,重要伝統的建造物群保存地区,,萩市大字浜崎町字浜崎町ほか,34.420837,131.400467
山口県,萩市,萩市佐々並市伝統的建造物群保存地区,重要伝統的建造物群保存地区,,萩市佐々並,34.265903,131.456161
山口県,萩市,柳井市古市金屋伝統的建造物群保存地区,重要伝統的建造物群保存地区,,柳井市大字柳井津字古市町ほか,33.967808,132.110336
山口県,宇部市,馬場良治,選定保存技術,,宇部市,33.951511,131.246811
山口県,下関市,下関市水道局内日第一貯水池取水塔,登録有形文化財,,下関市大字内日字猿山,34.102749,130.967499
山口県,下関市,下関市水道局内日貯水池事務所,登録有形文化財,,下関市大字内日字猿山,34.102749,130.967499
山口県,下関市,下関市水道局高尾浄水場着水井,登録有形文化財,,下関市春日町,33.959496,130.92923
山口県,下関市,下関市水道局高尾浄水場四号円形濾過池,登録有形文化財,,下関市春日町,33.959496,130.92923
山口県,下関市,下関市水道局高尾浄水場四号円形濾過池付設調節井,登録有形文化財,,下関市春日町,33.959496,130.92923
山口県,下関市,下関市水道局高尾浄水場配水池,登録有形文化財,,下関市春日町,33.959496,130.92923
山口県,下関市,下関市水道局内日第二貯水池取水塔,登録有形文化財,,下関市大字内日上字下瀬戸,34.089191,130.9487
山口県,下関市,下関市水道局内日第二貯水池溢水隧道入口,登録有形文化財,,下関市大字内日上字下瀬戸,34.089191,130.9487
山口県,下関市,下関市水道局水道資料室（旧日和山浄水場事務所）,登録有形文化財,,下関市長崎中央町,33.956039,130.929245
山口県,下関市,下関市立長府博物館本館（旧長門尊攘堂）,登録有形文化財,,下関市長府川端,33.995686,130.981888
山口県,下関市,下関市南部町郵便局庁舎,登録有形文化財,,下関市南部町,33.955765,130.940384
山口県,下関市,護國寺本堂,登録有形文化財,,下関市上田中町,33.966675,130.938293
山口県,下関市,日本基督教団下関丸山教会（旧日本メソヂスト下関教会）会堂,登録有形文化財,,下関市丸山町,33.95723,130.936081
山口県,下関市,功山寺総門,登録有形文化財,,下関市長府川端,33.995686,130.981888
山口県,下関市,歌野清流庵,登録有形文化財,,下関市菊川町大字上岡枝,34.158268,131.020737
山口県,下関市,藤原義江記念館（旧リンガー邸）,登録有形文化財,,下関市阿弥陀寺町,33.95937,130.94838
山口県,下関市,中野家住宅主屋,登録有形文化財,,下関市大字内日,34.102749,130.967499
山口県,下関市,中野家住宅納屋,登録有形文化財,,下関市大字内日,34.102749,130.967499
山口県,下関市,中野家住宅土蔵,登録有形文化財,,下関市大字内日,34.102749,130.967499
山口県,下関市,中野家住宅塀,登録有形文化財,,下関市大字内日,34.102749,130.967499
山口県,下関市,中野家住宅石垣,登録有形文化財,,下関市大字内日,34.102749,130.967499
山口県,下関市,めぐみ幼稚園第一園舎（旧下関バプテスト教会）,登録有形文化財,,下関市上田中町,33.966675,130.938293
山口県,下関市,めぐみ幼稚園第二園舎（旧宣教師住宅）,登録有形文化財,,下関市上田中町,33.966675,130.938293
山口県,下関市,大乗寺山門,登録有形文化財,,下関市長府金屋町,34.002331,130.98999
山口県,下関市,大乗寺鐘楼,登録有形文化財,,下関市長府金屋町,34.002331,130.98999
山口県,下関市,日清講和記念館,登録有形文化財,,下関市阿弥陀寺町,33.95937,130.94838
山口県,下関市,蜂谷ビル（旧東洋捕鯨株式会社下関支店）,登録有形文化財,,下関市岬之町,33.951572,130.935165
山口県,下関市,玉椿旅館,登録有形文化財,,下関市豊浦町大字川棚字湯町,34.168091,130.95723
山口県,下関市,護國寺清正公堂,登録有形文化財,,下関市上田中町,33.966675,130.938293
山口県,下関市,護國寺納骨堂,登録有形文化財,,下関市上田中町,33.966675,130.938293
山口県,下関市,護國寺門柱,登録有形文化財,,下関市上田中町,33.966675,130.938293
山口県,下関市,旧宮崎商館,登録有形文化財,,下関市田中町,33.959755,130.94104
山口県,下関市,住吉神社楼門,登録有形文化財,,下関市一の宮住吉,34.002644,130.957153
山口県,下関市,住吉神社唐門及び透塀,登録有形文化財,,下関市一の宮住吉,34.002644,130.957153
山口県,下関市,赤間神宮水天門及び回廊,登録有形文化財,,下関市阿弥陀寺町,33.95937,130.94838
山口県,宇部市,旧桃山一号配水池監視廊入口,登録有形文化財,,宇部市大字小串字開立,33.949139,131.232529
山口県,宇部市,桃山配水計量室,登録有形文化財,,宇部市大字小串字福富,33.949139,131.232529
山口県,宇部市,沖ノ山電車竪坑石垣,登録有形文化財,,宇部市大字小串字沖ノ山,33.949139,131.232529
山口県,宇部市,永山本家酒造場事務所（旧二俣瀬村役場庁舎）,登録有形文化財,,宇部市大字車地,34.044338,131.296204
山口県,宇部市,瑞松庵山門,登録有形文化財,,宇部市大字船木字瑞松庵,34.052166,131.207214
山口県,山口市,山口市水道局電気室（旧宮島水源地ポンプ室）,登録有形文化財,,山口市宮島町,34.166775,131.479019
山口県,山口市,クリエイティブ・スペース赤レンガ（旧山口県立山口図書館書庫）,登録有形文化財,,山口市中河原町,34.179104,131.476349
山口県,山口市,山口県立山口高等学校記念館（旧制山口高等学校講堂）,登録有形文化財,,山口市糸米,34.17458,131.465424
山口県,山口市,旧野村家住宅主屋（山口ふるさと伝承総合センターまなび館）,登録有形文化財,,山口市下竪小路,34.182751,131.479141
山口県,山口市,旧野村家住宅土蔵,登録有形文化財,,山口市下竪小路,34.182751,131.479141
山口県,山口市,江畑溜池堰堤,登録有形文化財,,山口市阿知須源河,34.010948,131.314819
山口県,山口市,旧山口電信局舎,登録有形文化財,,山口市白石町一丁目,34.177883,131.470551
山口県,山口市,山水園本館,登録有形文化財,,山口市緑町,34.171021,131.464767
山口県,山口市,旧桂ヶ谷貯水池堰堤,登録有形文化財,,山口市小郡上郷,34.134544,131.395523
山口県,萩市,明倫小学校本館,登録有形文化財,,萩市大字江向,34.406464,131.397812
山口県,萩市,萩駅舎,登録有形文化財,,萩市椿,34.389774,131.405716
山口県,萩市,むつみ村役場旧庁舎,登録有形文化財,,萩市吉部上,34.444626,131.588745
山口県,萩市,むつみ村役場土蔵,登録有形文化財,,萩市吉部上,34.444626,131.588745
山口県,萩市,三見橋,登録有形文化財,,萩市三見字梅ノ木,34.387905,131.340515
山口県,萩市,鹿背隧道,登録有形文化財,,萩市大字明木字悴ケ坂～大字椿字悴ケ坂,34.317074,131.413254
山口県,萩市,下横瀬公民館（旧明木村立図書館）,登録有形文化財,,萩市大字明木下横瀬,34.317074,131.413254
山口県,萩市,落合の石橋,登録有形文化財,,萩市大字明木佐々並落合,34.317074,131.413254
山口県,防府市,防府天満宮本殿・幣殿・拝殿,登録有形文化財,,防府市松崎町,34.063343,131.575256
山口県,防府市,三田尻塩田旧越中屋釜屋煙突,登録有形文化財,,防府市大字浜方,34.016449,131.557281
山口県,防府市,春風楼,登録有形文化財,,防府市松崎町,34.063343,131.575256
山口県,防府市,山内家住宅主屋,登録有形文化財,,防府市栄町,34.058655,131.571701
山口県,防府市,山内家住宅蔵,登録有形文化財,,防府市栄町,34.058655,131.571701
山口県,防府市,山内家住宅男衆部屋,登録有形文化財,,防府市栄町,34.058655,131.571701
山口県,防府市,山内家住宅女衆部屋,登録有形文化財,,防府市栄町,34.058655,131.571701
山口県,防府市,山内家住宅納屋,登録有形文化財,,防府市栄町,34.058655,131.571701
山口県,防府市,山内家住宅門及び塀,登録有形文化財,,防府市栄町,34.058655,131.571701
山口県,防府市,清水家住宅主屋,登録有形文化財,,防府市大字富海,34.057678,131.645584
山口県,防府市,白石家住宅主屋,登録有形文化財,,防府市宮市町,34.061096,131.570877
山口県,防府市,白石家住宅呉服蔵,登録有形文化財,,防府市宮市町３１１他,34.061096,131.570877
山口県,防府市,白石家住宅道具蔵及び食物蔵,登録有形文化財,,防府市宮市町３１１他,34.061096,131.570877
山口県,岩国市,岩国徴古館,登録有形文化財,,岩国市横山,34.166225,132.171951
山口県,岩国市,國安家住宅,登録有形文化財,,岩国市岩国,34.165962,132.179688
山口県,岩国市,旧岩国税務署,登録有形文化財,,岩国市岩国,34.165962,132.179688
山口県,岩国市,錦雲閣,登録有形文化財,,岩国市横山,34.166225,132.171951
山口県,岩国市,水西書院,登録有形文化財,,岩国市川西,34.161026,132.173218
山口県,岩国市,旧吉川邸厩門,登録有形文化財,,岩国市横山,34.166225,132.171951
山口県,岩国市,ＪＲ西岩国駅駅舎,登録有形文化財,,岩国市錦見,34.170242,132.188629
山口県,岩国市,旧宇野千代家住宅主屋,登録有形文化財,,岩国市川西二丁目,34.158451,132.172073
山口県,岩国市,岩国徴古館第一収蔵庫,登録有形文化財,,岩国市横山二丁目,34.170841,132.176147
山口県,岩国市,岩国徴古館第二収蔵庫,登録有形文化財,,岩国市横山二丁目,34.170841,132.176147
山口県,岩国市,岩国練武場,登録有形文化財,,岩国市岩国三丁目,34.162498,132.183823
山口県,光市,光ふるさと郷土館別館　磯部家住宅主屋,登録有形文化財,,光市室積,33.931297,131.973618
山口県,光市,光ふるさと郷土館別館　磯部家住宅釜屋,登録有形文化財,,光市室積,33.931297,131.973618
山口県,光市,光ふるさと郷土館別館　磯部家住宅離れ座敷（茶室）,登録有形文化財,,光市室積,33.931297,131.973618
山口県,柳井市,柳井市町並み資料館（旧周防銀行本店）,登録有形文化財,,柳井市大字柳井津字金屋町,33.967808,132.110336
山口県,周南市,四熊家住宅主屋,登録有形文化財,,周南市土井,34.079254,131.770813
山口県,周南市,四熊家住宅診療棟,登録有形文化財,,周南市土井,34.079254,131.770813
山口県,周南市,周南市市長公舎洋館,登録有形文化財,,周南市慶万町,34.048992,131.813782
山口県,周南市,周南市市長公舎和館,登録有形文化財,,周南市慶万町,34.048992,131.813782
山口県,周南市,旧日下医院本館,登録有形文化財,,周南市土井,34.079254,131.770813
山口県,周南市,旧日下医院別館,登録有形文化財,,周南市土井,34.079254,131.770813
山口県,周南市,旧日下医院正門及び塀,登録有形文化財,,周南市土井,34.079254,131.770813
山口県,周南市,遠石八幡宮本殿,登録有形文化財,,周南市遠石,34.041256,131.819565
山口県,周南市,遠石八幡宮弊殿,登録有形文化財,,周南市遠石,34.041256,131.819565
山口県,周南市,遠石八幡宮拝殿,登録有形文化財,,周南市遠石,34.041256,131.819565
山口県,周南市,遠石八幡宮祭器庫,登録有形文化財,,周南市遠石,34.041256,131.819565
山口県,周南市,遠石八幡宮神饌所,登録有形文化財,,周南市遠石,34.041256,131.819565
山口県,周南市,遠石八幡宮透塀,登録有形文化財,,周南市遠石,34.041256,131.819565
山口県,周南市,遠石八幡宮神門及び袖塀,登録有形文化財,,周南市遠石,34.041256,131.819565
山口県,周南市,遠石八幡宮手水舎,登録有形文化財,,周南市遠石,34.041256,131.819565
山口県,周南市,松室大橋,登録有形文化財,,周南市大字金峰字川本から周南市大字金峰字上東松室,34.171551,131.906876
山口県,山陽小野田市,小野田セメント山手倶楽部,登録有形文化財,,山陽小野田市大字小野田字小屋ノ尾,33.957695,131.172302
山口県,下関市,豊北の漁撈用具,登録有形民俗文化財,,下関市豊北町神田上,34.281658,130.900955
山口県,宇部市,常盤公園,登録記念物,,宇部市大字沖宇部字常盤,33.93018,131.27626
山口県,山口市,山水園庭園,登録記念物,,山口市緑町,34.171021,131.464767
山口県,山口市,松田屋ホテル庭園,登録記念物,,山口市湯田温泉,34.165043,131.459717
山口県,下関市,"法輪寺本堂
　付　　棟木　応永二十年の墨書がある　一本
　　　　天神社宮殿　一棟",県指定有形文化財（建造物）,,下関市菊川町大字七見,34.109898,131.006638
山口県,下関市,"旧殿居郵便局局舎
　付　　棟札　一枚",県指定有形文化財（建造物）,,下関市豊田町大字殿居,34.266251,131.029831
山口県,下関市,旧滝部小学校本館,県指定有形文化財（建造物）,,下関市豊北町大字滝部,34.295853,130.946243
山口県,下関市,"山口銀行旧本店
　付　　棟札　一枚",県指定有形文化財（建造物）,,下関市観音崎町,33.952984,130.938232
山口県,下関市,"観察院五輪塔
　付　　自然石板碑　一基",県指定有形文化財（建造物）,,下関市富任町,34.023438,130.919861
山口県,宇部市,法泉寺厨子,県指定有形文化財（建造物）,,宇部市大字棯小野,34.089241,131.342438
山口県,山口市,清水寺山王社本殿,県指定有形文化財（建造物）,,山口市宮野下,34.200893,131.502975
山口県,山口市,清水寺観音堂,県指定有形文化財（建造物）,,山口市宮野下,34.200893,131.502975
山口県,山口市,源久寺宝篋印塔,県指定有形文化財（建造物）,,山口市仁保下郷,34.190407,131.542496
山口県,山口市,旧山口藩庁門,県指定有形文化財（建造物）,,山口市滝町,34.188477,131.465515
山口県,山口市,正八幡宮鐘楼,県指定有形文化財（建造物）,,山口市秋穂西,34.02895,131.440475
山口県,山口市,河村写真館,県指定有形文化財（建造物）,,山口市上竪小路,34.187271,131.476929
山口県,萩市,萩学校教員室,県指定有形文化財（建造物）,,萩市大字堀内,34.416138,131.384445
山口県,萩市,長寿寺十三重塔,県指定有形文化財（建造物）,,萩市大字北古萩町,34.418381,131.396896
山口県,萩市,旧福原家萩屋敷門,県指定有形文化財（建造物）,,萩市大字堀内,34.416138,131.384445
山口県,萩市,旧梨羽家書院,県指定有形文化財（建造物）,,萩市大字堀内,34.416138,131.384445
山口県,萩市,花月楼,県指定有形文化財（建造物）,,萩市大字椿東,34.426121,131.413086
山口県,萩市,西堂寺六角堂,県指定有形文化財（建造物）,,萩市江崎,34.645512,131.634171
山口県,防府市,周防国分寺楼門,県指定有形文化財（建造物）,,防府市国分寺町,34.064667,131.579483
山口県,防府市,護国寺笠塔婆,県指定有形文化財（建造物）,,防府市本橋町,34.066422,131.564621
山口県,防府市,防府天満宮の石大鳥居,県指定有形文化財（建造物）,,防府市松崎町,34.063343,131.575256
山口県,岩国市,香川家長屋門,県指定有形文化財（建造物）,,岩国市横山二丁目,34.170841,132.176147
山口県,岩国市,岩国学校校舎,県指定有形文化財（建造物）,,岩国市岩国三丁目,34.162498,132.183823
山口県,岩国市,"極楽寺薬師堂
　付　　厨子　一基",県指定有形文化財（建造物）,,岩国市周東町高森,34.152859,131.97551
山口県,岩国市,旧吉川家岩国事務所,県指定有形文化財（建造物）,,岩国市横山二丁目,34.170841,132.176147
山口県,光市,"旧伊藤博文邸
　付　　棟札　一枚",県指定有形文化財（建造物）,,光市大字束荷,34.011848,132.009979
山口県,長門市,二尊院五輪塔,県指定有形文化財（建造物）,,長門市油谷向津具下,34.414085,130.971558
山口県,長門市,大寧寺本堂,県指定有形文化財（建造物）,,長門市湯本字門前,34.37056,131.182617
山口県,長門市,"西圓寺本堂・山門
　付　　棟札　一枚",県指定有形文化財（建造物）,,長門市仙崎,34.390049,131.198837
山口県,周南市,山田家本屋,県指定有形文化財（建造物）,,周南市湯野,34.108093,131.6716
山口県,周南市,"徳修館
　付　　木主五基・祭器四個",県指定有形文化財（建造物）,,周南市大字安田,34.039783,131.973007
山口県,周防大島町,浄西寺石塔婆,県指定有形文化財（建造物）,,周防大島町大字油宇,33.928913,132.424026
山口県,和木町,"瀬田八幡宮本殿
　付　　棟札　一枚",県指定有形文化財（建造物）,,和木町大字瀬田,34.191975,132.215622
山口県,上関町,旧上関番所,県指定有形文化財（建造物）,,上関町大字長島,33.82235,132.078217
山口県,下関市,紙本金地着色安徳天皇絵,県指定有形文化財（美術工芸品）,,下関市阿弥陀寺町,33.95937,130.94838
山口県,下関市,絹本極彩色　理界曼荼羅・智界曼荼羅,県指定有形文化財（美術工芸品）,,下関市豊田町大字江良,34.180023,131.044037
山口県,下関市,板絵着色繋馬図,県指定有形文化財（美術工芸品）,,下関市一の宮住吉一丁目,34.002644,130.957153
山口県,下関市,紙本墨画白衣観音図　怡雲寂誾の賛がある,県指定有形文化財（美術工芸品）,,下関市豊浦町大字川棚,34.168091,130.95723
山口県,下関市,"狩野芳崖筆板絵着色絵馬
　予譲裂衣図",県指定有形文化財（美術工芸品）,,下関市一の宮住吉一丁目,34.002644,130.957153
山口県,下関市,"狩野芳崖筆板絵着色絵馬
　駿牛図",県指定有形文化財（美術工芸品）,,下関市一の宮住吉一丁目,34.002644,130.957153
山口県,下関市,"狩野芳崖筆板絵着色絵馬
　繋馬図　",県指定有形文化財（美術工芸品）,,下関市長府黒門東町,33.989998,130.989609
山口県,下関市,"狩野芳崖筆板絵着色絵馬
　繋馬図
　武内宿禰投珠図
　韓信股潜図",県指定有形文化財（美術工芸品）,,下関市長府宮の内町,33.999634,130.985733
山口県,下関市,絹本着色楊柳観音坐像,県指定有形文化財（美術工芸品）,,下関市長府川端一丁目,33.995686,130.981888
山口県,下関市,木造地蔵菩薩半跏像,県指定有形文化財（美術工芸品）,,下関市大字豊浦村,33.995586,130.977066
山口県,下関市,木造聖観音菩薩立像,県指定有形文化財（美術工芸品）,,下関市有富町,34.018246,130.945496
山口県,下関市,木造虚空蔵菩薩坐像,県指定有形文化財（美術工芸品）,,下関市菊川町大字七見字堂の前,34.109898,131.006638
山口県,下関市,木造千手観音菩薩立像,県指定有形文化財（美術工芸品）,,下関市豊浦町大字川棚,34.168091,130.95723
山口県,下関市,木造薬師如来坐像,県指定有形文化財（美術工芸品）,,下関市豊田町大字江良,34.180023,131.044037
山口県,下関市,線刻菩薩形坐像懸仏,県指定有形文化財（美術工芸品）,,下関市豊田町大字八道,34.218346,131.059998
山口県,下関市,金銅薬師如来坐像懸仏,県指定有形文化財（美術工芸品）,,下関市豊浦町大字吉永,34.1297,130.925858
山口県,下関市,"鰐口
　天文元年壬辰十一月二十八日葦屋津大工大江宣秀の銘がある",県指定有形文化財（美術工芸品）,,下関市長府川端一丁目,33.995686,130.981888
山口県,下関市,手鑑「筆陳」,県指定有形文化財（美術工芸品）,,下関市長府川端一丁目,33.995686,130.981888
山口県,下関市,"明版一切経
　付　　八角輪蔵　一基",県指定有形文化財（美術工芸品）,,下関市菊川町大字吉賀,34.129852,131.014999
山口県,下関市,"住吉神社文書
　一、住吉神社文書
　二、大内政弘奥書写本
　三、櫟木家旧蔵文書",県指定有形文化財（美術工芸品）,,下関市大字楠乃,33.992229,130.961853
山口県,下関市,"武久家文書
　付　　紙本着色武久季依像　一幅",県指定有形文化財（美術工芸品）,,下関市長府川端一丁目,33.995686,130.981888
山口県,下関市,安尾家文書,県指定有形文化財（美術工芸品）,,下関市長府川端一丁目,33.995686,130.981888
山口県,下関市,綾羅木郷遺跡出土品,県指定有形文化財（美術工芸品）,,下関市大字綾羅木字岡,34.013145,130.930161
山口県,下関市,神上寺銅矛,県指定有形文化財（美術工芸品）,,下関市豊田町大字江良,34.180023,131.044037
山口県,下関市,心光寺古墳出土品,県指定有形文化財（美術工芸品）,,下関市長府川端一丁目,33.995686,130.981888
山口県,下関市,土井ヶ浜遺跡出土品,県指定有形文化財（美術工芸品）,,下関市豊北町大字神田,34.328148,130.901138
山口県,下関市,"大内家壁書
　下関市立長府博物館所蔵本",県指定有形文化財（美術工芸品）,,下関市長府川端一丁目,33.995686,130.981888
山口県,宇部市,絹本着色孔雀明王像,県指定有形文化財（美術工芸品）,,宇部市藤山区中山,34.074139,131.324219
山口県,宇部市,"紙本着色八幡縁起絵巻
　付　　納箱　一合
　　　　永正十三年丙子五月十一日勧進沙弥徳在の箱書がある",県指定有形文化財（美術工芸品）,,宇部市大字小野,34.117241,131.334793
山口県,宇部市,"普応中興大建禅師画像
　大明景泰甲戌夏五月の年記がある",県指定有形文化財（美術工芸品）,,宇部市大字棚井,34.024616,131.238785
山口県,宇部市,木造薬師如来坐像,県指定有形文化財（美術工芸品）,,宇部市大字西万倉字宮尾,34.082935,131.225784
山口県,宇部市,木造十一面観音菩薩立像,県指定有形文化財（美術工芸品）,,宇部市大字船木,34.052166,131.207214
山口県,宇部市,木造十一面観音菩薩坐像,県指定有形文化財（美術工芸品）,,宇部市大字東吉部,34.14217,131.291336
山口県,宇部市,木造地蔵菩薩坐像,県指定有形文化財（美術工芸品）,,宇部市大字棚井,34.024616,131.238785
山口県,宇部市,"南嶺和尚道行碑文
　付　　南嶺和尚道行碑文石碑　一基",県指定有形文化財（美術工芸品）,,宇部市大字棚井,34.024616,131.238785
山口県,宇部市,日本安国寺五葉院記,県指定有形文化財（美術工芸品）,,宇部市大字棚井,34.024616,131.238785
山口県,宇部市,"沖ノ山出土の中国古銭及び埋納甕
　付　　半両銭・五銖銭元文五年掘出覚　一通",県指定有形文化財（美術工芸品）,,宇部市大字小串,33.949139,131.232529
山口県,宇部市,"松崎古墳出土品
　付　　箱式石棺　一基",県指定有形文化財（美術工芸品）,,宇部市大字小串,33.949139,131.232529
山口県,山口市,"絹本着色大内義隆画像
　異雪慶殊の賛がある",県指定有形文化財（美術工芸品）,,山口市大殿大路,34.183681,131.48056
山口県,山口市,絹本着色西天東土二十八祖像,県指定有形文化財（美術工芸品）,,山口市水の上町,34.186665,131.473495
山口県,山口市,"絹本淡彩中峰明本像
　明本の自賛がある",県指定有形文化財（美術工芸品）,,山口市水の上町,34.186665,131.473495
山口県,山口市,"絹本着色仏涅槃図
　付　　納箱一合",県指定有形文化財（美術工芸品）,,山口市水の上町,34.186665,131.473495
山口県,山口市,"絹本着色大庵須益和尚像
　永正八年辛未霜月十五日直心の賛がある",県指定有形文化財（美術工芸品）,,山口市香山町,34.189232,131.473114
山口県,山口市,"絹本着色全岩東純和尚像
　明応五稔丙辰十二月十七日為宗の賛がある",県指定有形文化財（美術工芸品）,,山口市香山町,34.189232,131.473114
山口県,山口市,"絹本着色桃岳瑞見和尚像
　永正二年孟冬念八瑞見の賛がある",県指定有形文化財（美術工芸品）,,山口市香山町,34.189232,131.473114
山口県,山口市,"絹本着色仁保弘有像
　寛正六年乙酉八月如意珠日天与清啓の賛がある",県指定有形文化財（美術工芸品）,,山口市仁保下郷,34.190407,131.542496
山口県,山口市,紙本着色尼子経久像,県指定有形文化財（美術工芸品）,,山口市春日町,34.182281,131.471695
山口県,山口市,絹本着色尼子晴久像,県指定有形文化財（美術工芸品）,,山口市春日町,34.182281,131.471695
山口県,山口市,"ガラス絵　泰西風景図・長崎港図
　付　　旧木造額縁（嘉永三年銘）　一面",県指定有形文化財（美術工芸品）,,山口市徳地島地,34.16304,131.691879
山口県,山口市,絹本墨画淡彩雪舟等楊像（雲谷等益筆）,県指定有形文化財（美術工芸品）,,山口市宮野下,34.200893,131.502975
山口県,山口市,木造薬師如来坐像,県指定有形文化財（美術工芸品）,,山口市黒川,34.129471,131.45079
山口県,山口市,木造二天王立像,県指定有形文化財（美術工芸品）,,山口市黒川,34.129471,131.45079
山口県,山口市,木造千手観音菩薩坐像,県指定有形文化財（美術工芸品）,,山口市吉敷,34.183544,131.411957
山口県,山口市,木造薬師如来坐像,県指定有形文化財（美術工芸品）,,山口市陶,34.094673,131.428513
山口県,山口市,木造阿弥陀如来坐像,県指定有形文化財（美術工芸品）,,山口市仁保下郷,34.190407,131.542496
山口県,山口市,木造阿弥陀如来坐像,県指定有形文化財（美術工芸品）,,山口市仁保下郷,34.190407,131.542496
山口県,山口市,木造聖観音菩薩立像,県指定有形文化財（美術工芸品）,,山口市大内御堀,34.138813,131.497375
山口県,山口市,木造聖観音菩薩立像,県指定有形文化財（美術工芸品）,,山口市徳地上村,34.149212,131.710846
山口県,山口市,能面,県指定有形文化財（美術工芸品）,,山口市秋穂西,34.02895,131.440475
山口県,山口市,木造十一面観音菩薩立像,県指定有形文化財（美術工芸品）,,山口市朝倉町,34.17989,131.448257
山口県,山口市,木造四天王立像,県指定有形文化財（美術工芸品）,,山口市徳地上村,34.149212,131.710846
山口県,山口市,塑像竜岡玄珠禅師坐像,県指定有形文化財（美術工芸品）,,山口市水の上町,34.186665,131.473495
山口県,山口市,木造石屏子介禅師坐像,県指定有形文化財（美術工芸品）,,山口市水の上町,34.186665,131.473495
山口県,山口市,木造大内義弘坐像,県指定有形文化財（美術工芸品）,,山口市水の上町,34.186665,131.473495
山口県,山口市,木造大内盛見坐像,県指定有形文化財（美術工芸品）,,山口市水の上町,34.186665,131.473495
山口県,山口市,木造大内持盛坐像,県指定有形文化財（美術工芸品）,,山口市水の上町,34.186665,131.473495
山口県,山口市,木造金剛力士立像,県指定有形文化財（美術工芸品）,,山口市宮野下,34.200893,131.502975
山口県,山口市,法光寺阿弥陀堂の仏像,県指定有形文化財（美術工芸品）,,山口市徳地鯖河内,34.208263,131.742279
山口県,山口市,木造獅子狛犬,県指定有形文化財（美術工芸品）,,山口市吉田,34.139793,131.471832
山口県,山口市,木造地蔵菩薩立像,県指定有形文化財（美術工芸品）,,山口市仁保中郷,34.199314,131.576553
山口県,山口市,"鰐口
　弘長元年辛酉六月の銘がある",県指定有形文化財（美術工芸品）,,山口市春日町,34.182281,131.471695
山口県,山口市,漆塗足付盤,県指定有形文化財（美術工芸品）,,山口市野田,34.185486,131.479904
山口県,山口市,"剣　宝剣拵
　付　　天文五年剣拵注文　一通",県指定有形文化財（美術工芸品）,,山口市大内御堀　,34.138813,131.497375
山口県,山口市,手鑑,県指定有形文化財（美術工芸品）,,山口市亀山町,34.17981,131.47316
山口県,山口市,紺紙金泥法華経,県指定有形文化財（美術工芸品）,,山口市秋穂西,34.02895,131.440475
山口県,山口市,正法眼蔵八十三巻,県指定有形文化財（美術工芸品）,,山口市香山町,34.189232,131.473114
山口県,山口市,"洞春寺開山嘯岳鼎虎禅師手沢本
　付　　洞春寺書簿",県指定有形文化財（美術工芸品）,,山口市水の上町,34.186665,131.473495
山口県,山口市,聚分韻略（明応二年大内版）,県指定有形文化財（美術工芸品）,,山口市後河原,34.184097,131.476364
山口県,山口市,見島ジーコンボ古墳群出土品,県指定有形文化財（美術工芸品）,,山口市春日町,34.182281,131.471695
山口県,山口市,宮ヶ久保遺跡出土木製品,県指定有形文化財（美術工芸品）,,山口市春日町,34.182281,131.471695
山口県,山口市,綾羅木郷台地遺跡出土の人面土製品,県指定有形文化財（美術工芸品）,,山口市春日町,34.182281,131.471695
山口県,山口市,赤妻古墳出土の舟形石棺,県指定有形文化財（美術工芸品）,,山口市春日町,34.182281,131.471695
山口県,山口市,茶臼山古墳出土品,県指定有形文化財（美術工芸品）,,山口市春日町,34.182281,131.471695
山口県,山口市,分銅形土製品,県指定有形文化財（美術工芸品）,,山口市春日町,34.182281,131.471695
山口県,山口市,武久浜墳墓群出土品,県指定有形文化財（美術工芸品）,,山口市春日町,34.182281,131.471695
山口県,山口市,郡司鋳造所跡の鋳造関連出土品,県指定有形文化財（美術工芸品）,,山口市春日町,34.182281,131.471695
山口県,山口市,銅印　印文「三川私印」,県指定有形文化財（美術工芸品）,,山口市春日町,34.182281,131.471695
山口県,山口市,紙本墨画淡彩乗福寺伽藍図,県指定有形文化財（美術工芸品）,,山口市春日町,34.182281,131.471695
山口県,山口市,木造扁額「氷上山」,県指定有形文化財（美術工芸品）,,山口市大内御堀,34.138813,131.497375
山口県,山口市,三重宝塔板木,県指定有形文化財（美術工芸品）,,山口市徳地八坂,34.223145,131.664078
山口県,山口市,善光寺式阿弥陀三尊立像板木,県指定有形文化財（美術工芸品）,,山口市秋穂東,34.014809,131.452942
山口県,山口市,吉田松陰関係資料（吉田家伝来）,県指定有形文化財（美術工芸品）,,山口市後河原,34.184097,131.476364
山口県,山口市,紙本着色毛利敬親山口新御屋形入居奉祝図,県指定有形文化財（美術工芸品）,,山口市春日町,34.182281,131.471695
山口県,山口市,手鑑「多々良の麻佐古」,県指定有形文化財（美術工芸品）,,山口市春日町,34.182281,131.471695
山口県,山口市,"手鑑「仮御手鑑」
　付　仮御手鑑入記御根帳　一冊",県指定有形文化財（美術工芸品）,,山口市後河原,34.184097,131.476364
山口県,萩市,絹本着色釈迦三尊像,県指定有形文化財（美術工芸品）,,萩市大字椿東,34.426121,131.413086
山口県,萩市,木造不動明王立像,県指定有形文化財（美術工芸品）,,萩市大字北古萩,34.418381,131.396896
山口県,萩市,木造釈迦如来坐像,県指定有形文化財（美術工芸品）,,萩市椿,34.389774,131.405716
山口県,萩市,木造毘沙門天立像,県指定有形文化財（美術工芸品）,,萩市川上,34.35368,131.495499
山口県,萩市,木造文殊菩薩騎獅像,県指定有形文化財（美術工芸品）,,萩市大字紫福,34.473858,131.522369
山口県,萩市,木造義翁和尚倚像,県指定有形文化財（美術工芸品）,,萩市椿,34.389774,131.405716
山口県,萩市,木額・柱聯・榜牌・同下書,県指定有形文化財（美術工芸品）,,萩市大字椿東,34.426121,131.413086
山口県,萩市,三祖師号,県指定有形文化財（美術工芸品）,,萩市大字椿東,34.426121,131.413086
山口県,萩市,石屏子介禅師墨跡,県指定有形文化財（美術工芸品）,,萩市大字椿東,34.426121,131.413086
山口県,萩市,見島ジーコンボ古墳群出土品,県指定有形文化財（美術工芸品）,,萩市大字堀内,34.416138,131.384445
山口県,萩市,円光寺古墳出土品,県指定有形文化財（美術工芸品）,,萩市大字堀内,34.416138,131.384445
山口県,萩市,吉田松陰関係資料（松陰神社伝来）,県指定有形文化財（美術工芸品）,,萩市大字椿東,34.426121,131.413086
山口県,防府市,"絹本着色熊野本地仏曼荼羅図
　付　　納箱　一合",県指定有形文化財（美術工芸品）,,防府市国分寺町,34.064667,131.579483
山口県,防府市,絹本着色仏涅槃図,県指定有形文化財（美術工芸品）,,防府市国分寺町,34.064667,131.579483
山口県,防府市,木造阿弥陀如来立像,県指定有形文化財（美術工芸品）,,防府市国分寺町,34.064667,131.579483
山口県,防府市,金銅誕生釈迦仏立像,県指定有形文化財（美術工芸品）,,防府市国分寺町,34.064667,131.579483
山口県,防府市,金銅毘廬舎那仏坐像（寺伝大日如来像）,県指定有形文化財（美術工芸品）,,防府市国分寺町,34.064667,131.579483
山口県,防府市,漆絵枝菊椀（大内椀）,県指定有形文化財（美術工芸品）,,防府市多々良一丁目,34.063034,131.586716
山口県,防府市,金装飾太刀拵,県指定有形文化財（美術工芸品）,,防府市多々良一丁目,34.063034,131.586716
山口県,防府市,毛利元就詠草連歌,県指定有形文化財（美術工芸品）,,防府市多々良一丁目,34.063034,131.586716
山口県,防府市,里村紹巴筆連歌学書（毛利家伝来本）,県指定有形文化財（美術工芸品）,,防府市多々良一丁目,34.063034,131.586716
山口県,防府市,幸若流舞之本（毛利吉就所持本）,県指定有形文化財（美術工芸品）,,防府市多々良一丁目,34.063034,131.586716
山口県,防府市,版本大般若経,県指定有形文化財（美術工芸品）,,防府市大字牟礼,34.070194,131.610596
山口県,防府市,阿弥陀寺文書,県指定有形文化財（美術工芸品）,,防府市大字牟礼,34.070194,131.610596
山口県,防府市,周防国分寺文書,県指定有形文化財（美術工芸品）,,防府市国分寺町,34.064667,131.579483
山口県,防府市,"防府天満宮文書
　一、防府天満宮文書
　二、大小行司職等差定文書（御当文）",県指定有形文化財（美術工芸品）,,防府市松崎町,34.063343,131.575256
山口県,防府市,"兄部家文書
　付　　酒舗看板　一枚",県指定有形文化財（美術工芸品）,,防府市宮市町　,34.061096,131.570877
山口県,防府市,井上山経塚出土品,県指定有形文化財（美術工芸品）,,防府市多々良一丁目,34.063034,131.586716
山口県,防府市,毛利元就関係資料,県指定有形文化財（美術工芸品）,,防府市多々良一丁目,34.063034,131.586716
山口県,防府市,毛利隆元関係資料,県指定有形文化財（美術工芸品）,,防府市多々良一丁目,34.063034,131.586716
山口県,防府市,毛利輝元関係資料,県指定有形文化財（美術工芸品）,,防府市多々良一丁目,34.063034,131.586716
山口県,防府市,毛利秀就関係資料,県指定有形文化財（美術工芸品）,,防府市多々良一丁目,34.063034,131.586716
山口県,下松市,星宿図（寺伝須弥山図）,県指定有形文化財（美術工芸品）,,下松市大字生野屋宮本,34.038902,131.884964
山口県,下松市,金銅如意輪観音菩薩半跏像,県指定有形文化財（美術工芸品）,,下松市大字末武上,34.043716,131.869751
山口県,岩国市,"絹本着色十六善神像
　付　　納箱　一合
　　　　転読大般若経奏文　一帖
　　　　文安五?十一月日の箱書及び享和二戌九月の修復銘がある",県指定有形文化財（美術工芸品）,,岩国市美和町瀬戸内,34.249996,132.115311
山口県,岩国市,"絹本着色釈迦十六善神像
　付　　納箱（正徳元年六月廿一日銘）　一合
　　　　六月廿二日今田助之進他二名連署寄進状　一通",県指定有形文化財（美術工芸品）,,岩国市周東町用田,34.068146,132.059921
山口県,岩国市,"絹本着色仏国国師像
　霊山道隠の賛がある
　　付　　絹本着色仏国国師像　一幅
　　　　　隠元隆琦の賛がある",県指定有形文化財（美術工芸品）,,岩国市横山二丁目,34.170841,132.176147
山口県,岩国市,"紙本墨画淡彩湖亭春望図
　天與清啓の賛がある",県指定有形文化財（美術工芸品）,,岩国市横山二丁目,34.170841,132.176147
山口県,岩国市,木造薬師如来立像,県指定有形文化財（美術工芸品）,,岩国市本郷町本郷,34.290527,132.043274
山口県,岩国市,木造不動明王立像,県指定有形文化財（美術工芸品）,,岩国市周東町大字用田,34.152859,131.97551
山口県,岩国市,金銅如来形坐像（寺伝釈迦如来像）,県指定有形文化財（美術工芸品）,,岩国市横山一丁目,34.166225,132.171951
山口県,岩国市,銅鐘,県指定有形文化財（美術工芸品）,,岩国市周東町大字用田,34.152859,131.97551
山口県,岩国市,藍韋威肩白紅胴丸,県指定有形文化財（美術工芸品）,,岩国市横山二丁目,34.170841,132.176147
山口県,岩国市,色々威胴丸　広袖付,県指定有形文化財（美術工芸品）,,岩国市横山二丁目,34.170841,132.176147
山口県,岩国市,"小桜韋威胴丸
　兜・大袖・替袖・頬当・喉輪・脛当付",県指定有形文化財（美術工芸品）,,岩国市横山二丁目,34.170841,132.176147
山口県,岩国市,"紺糸威肩紅腹巻
　付　　大袖",県指定有形文化財（美術工芸品）,,岩国市横山二丁目,34.170841,132.176147
山口県,岩国市,藍韋威肩櫨紅腹巻,県指定有形文化財（美術工芸品）,,岩国市横山二丁目,34.170841,132.176147
山口県,岩国市,黒漆矢筈札浅葱糸素懸威腹当,県指定有形文化財（美術工芸品）,,岩国市横山二丁目,34.170841,132.176147
山口県,岩国市,鉄錆地三十六間星兜鉢,県指定有形文化財（美術工芸品）,,岩国市横山二丁目,34.170841,132.176147
山口県,岩国市,鉄錆地二十八間総覆輪筋兜鉢,県指定有形文化財（美術工芸品）,,岩国市横山二丁目,34.170841,132.176147
山口県,岩国市,鉄黒漆二十二間総覆輪筋兜萌葱糸素懸威しころ,県指定有形文化財（美術工芸品）,,岩国市横山二丁目,34.170841,132.176147
山口県,岩国市,鉄黒漆三十四間総覆輪筋兜鉢,県指定有形文化財（美術工芸品）,,岩国市横山二丁目,34.170841,132.176147
山口県,岩国市,鉄錆地十二間総覆輪筋兜鉢,県指定有形文化財（美術工芸品）,,岩国市横山二丁目,34.170841,132.176147
山口県,岩国市,鉄錆地六十四間筋兜鉢,県指定有形文化財（美術工芸品）,,岩国市横山二丁目,34.170841,132.176147
山口県,岩国市,宇佐の鉄燈籠,県指定有形文化財（美術工芸品）,,岩国市錦町大字宇佐,34.370449,132.050766
山口県,岩国市,生見の鉄燈籠,県指定有形文化財（美術工芸品）,,岩国市美和町大字生見,34.229031,132.127609
山口県,岩国市,大内版三重韻,県指定有形文化財（美術工芸品）,,岩国市横山二丁目,34.170841,132.176147
山口県,岩国市,"大般若経
　　巻第八十二養和元年八月八日朱筆校合奥書
　付　　唐櫃",県指定有形文化財（美術工芸品）,,岩国市美和町大字生見字中村,34.229031,132.127609
山口県,岩国市,木造扁額「八幡宮」（独立性易筆）,県指定有形文化財（美術工芸品）,,岩国市玖珂町,34.100464,132.092773
山口県,岩国市,般若心経並びに神馬図板木,県指定有形文化財（美術工芸品）,,岩国市錦町広瀬,34.274345,131.921814
山口県,光市,木造阿弥陀如来坐像,県指定有形文化財（美術工芸品）,,光市大字束荷,34.011848,132.009979
山口県,長門市,金銅一光三尊立像,県指定有形文化財（美術工芸品）,,長門市大字仙崎,34.390049,131.198837
山口県,長門市,木造聖観音菩薩立像,県指定有形文化財（美術工芸品）,,長門市大字俵山,34.290348,131.099869
山口県,長門市,金銅薬師如来立像,県指定有形文化財（美術工芸品）,,長門市大字俵山,34.290348,131.099869
山口県,長門市,木造四天王立像,県指定有形文化財（美術工芸品）,,長門市油谷向津具下,34.414085,130.971558
山口県,長門市,"日置八幡宮文書
　付　　棟札　四枚
紙本着色八幡縁起絵巻　二巻",県指定有形文化財（美術工芸品）,,長門市日置上,34.391991,131.133804
山口県,長門市,糘塚横穴墓群出土品,県指定有形文化財（美術工芸品）,,長門市大字東深川,34.37117,131.186829
山口県,長門市,利生山永福寺跡石塔婆,県指定有形文化財（美術工芸品）,,長門市日置中,34.374348,131.098846
山口県,柳井市,木造不動明王坐像,県指定有形文化財（美術工芸品）,,柳井市大字阿月,33.878376,132.132141
山口県,柳井市,木造薬師如来坐像,県指定有形文化財（美術工芸品）,,柳井市大字平郡,33.792522,132.226974
山口県,柳井市,木造二天王立像,県指定有形文化財（美術工芸品）,,柳井市大字余田,33.98584,132.067093
山口県,柳井市,木造二天王立像,県指定有形文化財（美術工芸品）,,柳井市大字余田,33.98584,132.067093
山口県,柳井市,"鰐口
　観応二年辛卯八月廿三日の銘がある",県指定有形文化財（美術工芸品）,,柳井市大字余田,33.98584,132.067093
山口県,柳井市,茶臼山古墳出土品,県指定有形文化財（美術工芸品）,,柳井市南町、柳井,33.964684,132.102264
山口県,美祢市,塑像寿円禅師坐像,県指定有形文化財（美術工芸品）,,美祢市秋芳町大字秋吉,34.232285,131.297791
山口県,美祢市,長登銅山跡出土木簡,県指定有形文化財（美術工芸品）,,美祢市美東町大字大田,34.232838,131.357422
山口県,周南市,"金造菩薩形坐像
　付　　日尾山土中出現黄金像正観音縁記　一巻
　　　　日尾山山頂黄金像出土地石碑　一基",県指定有形文化財（美術工芸品）,,周南市大字湯野,34.108093,131.6716
山口県,周南市,金梨子地菊桐紋散雲蒔絵鞍・鐙,県指定有形文化財（美術工芸品）,,周南市大字徳山,34.073544,131.822449
山口県,周南市,建咲院什物（寺伝毛利元就寄進）,県指定有形文化財（美術工芸品）,,周南市土井一丁目,34.079254,131.770813
山口県,山陽小野田市,木造千手観音菩薩立像,県指定有形文化財（美術工芸品）,,山陽小野田市大字有帆,34.019894,131.213226
山口県,山陽小野田市,木造釈迦如来坐像,県指定有形文化財（美術工芸品）,,山陽小野田市大字有帆,34.019894,131.213226
山口県,山陽小野田市,木造阿弥陀如来坐像,県指定有形文化財（美術工芸品）,,山陽小野田市大字有帆,34.019894,131.213226
山口県,山陽小野田市,木造大日如来坐像,県指定有形文化財（美術工芸品）,,山陽小野田市大字有帆,34.019894,131.213226
山口県,山陽小野田市,木造阿弥陀如来坐像,県指定有形文化財（美術工芸品）,,山陽小野田市大字有帆,34.019894,131.213226
山口県,山陽小野田市,木造不動明王立像,県指定有形文化財（美術工芸品）,,山陽小野田市大字有帆,34.019894,131.213226
山口県,山陽小野田市,木造聖観音菩薩立像,県指定有形文化財（美術工芸品）,,山陽小野田市大字有帆,34.019894,131.213226
山口県,山陽小野田市,木造十一面観音菩薩立像,県指定有形文化財（美術工芸品）,,山陽小野田市大字山川,34.069763,131.151978
山口県,山陽小野田市,銅鐘,県指定有形文化財（美術工芸品）,,山陽小野田市大字山川,34.069763,131.151978
山口県,山陽小野田市,長光寺山古墳出土品,県指定有形文化財（美術工芸品）,,山陽小野田市大字鴨ノ庄,34.07349,131.166428
山口県,山陽小野田市,物見山経塚出土品,県指定有形文化財（美術工芸品）,,山陽小野田市大字鴨ノ庄,34.07349,131.166428
山口県,山陽小野田市,妙徳寺一号経塚出土品,県指定有形文化財（美術工芸品）,,山陽小野田市大字鴨ノ庄,34.07349,131.166428
山口県,山陽小野田市,妙徳寺山古墳出土品,県指定有形文化財（美術工芸品）,,山陽小野田市大字鴨ノ庄,34.07349,131.166428
山口県,周防大島町,木造二天王立像,県指定有形文化財（美術工芸品）,,周防大島町大字東三蒲,33.950447,132.215286
山口県,田布施町,木造地蔵菩薩坐像,県指定有形文化財（美術工芸品）,,田布施町大字上田布施,33.940567,132.005371
山口県,田布施町,国森古墳出土品,県指定有形文化財（美術工芸品）,,田布施町下田布施,33.952415,132.030029
山口県,平生町,木造地蔵菩薩坐像,県指定有形文化財（美術工芸品）,,平生町大字大野南,33.924335,132.089645
山口県,平生町,銅鐘,県指定有形文化財（美術工芸品）,,平生町大字宇佐木,33.94899,132.092773
山口県,平生町,銅鐘,県指定有形文化財（美術工芸品）,,平生町大字大野南,33.924335,132.089645
山口県,平生町,白鳥古墳出土品,県指定有形文化財（美術工芸品）,,平生町大字佐賀,33.8988,132.092407
山口県,阿武町,御山神社経塚出土品,県指定有形文化財（美術工芸品）,,阿武町大字惣郷,34.584091,131.576477
山口県,下関市,中ノ浜遺跡,県指定史跡,,下関市豊浦町大字川棚字中ノ浜,34.168091,130.95723
山口県,下関市,黒井一ノ瀬一里塚,県指定史跡,,下関市豊浦町大字黒井,34.119259,130.920685
山口県,下関市,長府藩主毛利家墓所,県指定史跡,,下関市長府川端、下関市大字豊浦村、下関市長府安養寺,33.995686,130.981888
山口県,下関市,法林寺のソテツ,県指定天然記念物,,下関市大字吉母字印内,34.100338,130.881073
山口県,下関市,長門国一の宮住吉神社社叢,県指定天然記念物,,下関市大字楠乃字上宮尻,33.992229,130.961853
山口県,下関市,長府正円寺の大イチョウ,県指定天然記念物,,下関市長府中之町,34.000362,130.990067
山口県,下関市,川棚三恵寺のモッコク,県指定天然記念物,,下関市豊浦町大字川棚,34.168091,130.95723
山口県,下関市,滝部のシダレザクラ,県指定天然記念物,,下関市豊北町大字滝部,34.295853,130.946243
山口県,下関市,滝部八幡宮のイチイガシ,県指定天然記念物,,下関市豊北町大字滝部,34.295853,130.946243
山口県,下関市,阿川八幡宮のイヌマキ巨樹群,県指定天然記念物,,下関市豊北町大字阿川,34.329491,130.929703
山口県,下関市,蓋井島のヒゼンマユミ群落,県指定天然記念物,,下関市大字蓋井島字笠松,34.103645,130.786667
山口県,宇部市,霜降城跡,県指定史跡,,宇部市大字吉見ほか,34.042591,131.25708
山口県,宇部市,荒滝山城跡,県指定史跡,,宇部市大字東吉部字城山前平・字城山北平・字城山東,34.14217,131.291336
山口県,宇部市,熊野神社のツルマンリョウ自生地,県指定天然記念物,,宇部市大字山中字上市,34.058125,131.315887
山口県,宇部市,教善寺のサザンカ,県指定天然記念物,,宇部市大字西万倉,34.082935,131.225784
山口県,山口市,百谷窯跡,県指定史跡,,山口市小郡下郷百谷,34.109955,131.401154
山口県,山口市,大内氷上古墳,県指定史跡,,山口市御堀字山根,34.178333,131.473892
山口県,山口市,善生寺庭園,県指定名勝,,山口市上宇野令字周慶寺,34.2076,131.461365
山口県,山口市,妙見社の大イチョウ,県指定天然記念物,,山口市徳地八坂字上寺前,34.223145,131.664078
山口県,山口市,山口市棯畑のノハナショウブ自生地,県指定天然記念物,,山口市下小鯖,34.128128,131.546036
山口県,山口市,秋穂二島のアラカシ,県指定天然記念物,,山口市秋穂二島,34.043148,131.4189
山口県,山口市,舟山八幡宮のチシャノキ,県指定天然記念物,,山口市仁保下郷,34.190407,131.542496
山口県,山口市,仁保のクワ,県指定天然記念物,,山口市仁保中郷,34.199314,131.576553
山口県,山口市,正福寺のイブキ,県指定天然記念物,,山口市駅通り二丁目,34.174831,131.479645
山口県,山口市,常栄寺のモリアオガエル繁殖地,県指定天然記念物,,山口市宮野下,34.200893,131.502975
山口県,萩市,萩焼古窯跡群,県指定史跡,,萩市大字椿東字中之倉,34.426121,131.413086
山口県,萩市,須佐唐津古窯跡群,県指定史跡,,萩市須佐字唐津,34.62389,131.623734
山口県,萩市,穴観音古墳,県指定史跡,,萩市高佐下,34.456093,131.610535
山口県,萩市,奥阿武宰判勘場跡,県指定史跡,,萩市吉部上,34.444626,131.588745
山口県,萩市,河内の大ムク,県指定天然記念物,,萩市大字椿,34.389774,131.405716
山口県,萩市,吉部八幡宮のスギ,県指定天然記念物,,萩市大字吉部,34.441483,131.557938
山口県,萩市,三見吉広のバクチノキ,県指定天然記念物,,萩市大字三見吉広,34.387905,131.340515
山口県,萩市,志都岐山神社のミドリヨシノ,県指定天然記念物,,萩市大字堀内,34.416138,131.384445
山口県,萩市,田万川の柱状節理と水中自破砕溶岩,県指定天然記念物,,萩市大字上小川東分字川平・柳畠・なめら,34.579548,131.673279
山口県,萩市,辻山のシダレザクラ,県指定天然記念物,,萩市大字高佐山上字太郎田,34.456093,131.610535
山口県,防府市,防府天満宮大専坊跡,県指定史跡,,防府市松崎町,34.063343,131.575256
山口県,防府市,野村望東尼終焉の宅跡及び墓,県指定史跡,,防府市三田尻本町・桑山,34.043556,131.573105
山口県,防府市,防府市中浦の緑色片岩,県指定天然記念物,,防府市大字田島,34.014606,131.53093
山口県,防府市,老松神社のクスノキ,県指定天然記念物,,防府市お茶屋町,34.045654,131.572754
山口県,防府市,若月家の臥竜松,県指定天然記念物,,防府市大字大崎,34.072056,131.543915
山口県,防府市,防府市向島の寒桜,県指定天然記念物,,防府市向島,34.005028,131.580688
山口県,岩国市,岩国藩主吉川家墓所,県指定史跡,,岩国市横山一丁目,34.166225,132.171951
山口県,岩国市,中ノ川山一里塚,県指定史跡,,岩国市美和町大字秋掛中の川,34.229031,132.127609
山口県,岩国市,寂地峡,県指定名勝,,岩国市錦町大字宇佐,34.370449,132.050766
山口県,岩国市,弥栄峡,県指定名勝,,岩国市美和町大字宇佐地,34.229031,132.127609
山口県,岩国市,松巖院庭園,県指定名勝,,岩国市藤生町,34.114635,132.199356
山口県,岩国市,岩国市二鹿のシャクナゲ群生地,県指定天然記念物,,岩国市大字二鹿字治郎迫,34.158367,132.044037
山口県,岩国市,大原のシャクナゲ群生地,県指定天然記念物,,岩国市錦町大字大原生し畑・字小麦山,34.370449,132.050766
山口県,岩国市,宇佐八幡宮のスギ巨樹群,県指定天然記念物,,岩国市錦町大字宇佐,34.370449,132.050766
山口県,岩国市,通津のイヌマキ巨樹,県指定天然記念物,,岩国市通津,34.073696,132.182037
山口県,岩国市,岩国市楠町一丁目のクスノキ巨樹群,県指定天然記念物,,岩国市楠町一丁目,34.156555,132.20459
山口県,光市,普賢寺庭園,県指定名勝,,光市室積八丁目,33.92173,131.968536
山口県,光市,光のクサフグ産卵地,県指定天然記念物,,光市大字室積村字普賢山,33.930717,131.992416
山口県,光市,牛島のモクゲンジ群生地,県指定天然記念物,,光市牛島,33.861595,132.018463
山口県,長門市,大内義隆主従の墓所,県指定史跡,,長門市大字深川湯本,34.332188,131.172775
山口県,長門市,日置峠山の須恵器窯跡,県指定史跡,,長門市日置下,34.390125,131.073792
山口県,長門市,大寧寺境内,県指定史跡,,長門市大字深川湯本,34.332188,131.172775
山口県,長門市,萩焼深川古窯跡群,県指定史跡,,長門市深川湯本字三ノ瀬・同西三ノ瀬,34.332188,131.172775
山口県,長門市,西円寺のアオバス,県指定天然記念物,,長門市大字仙崎,34.390049,131.198837
山口県,長門市,二位の浜ハマオモト群落,県指定天然記念物,,長門市日置上字西ヶ浴,34.391991,131.133804
山口県,長門市,日吉神社のオガタマノキ巨樹群,県指定天然記念物,,長門市油谷角山,34.390823,131.034698
山口県,長門市,青海島八王子山タチバナ自生北限地,県指定天然記念物,,長門市大字仙崎字大泊,34.390049,131.198837
山口県,長門市,八幡人丸神社御旅所のヒノキ巨樹,県指定天然記念物,,長門市油谷新別名,34.373348,131.060364
山口県,長門市,長門市一位ガ岳のベニドウダン自生地,県指定天然記念物,,長門市大字俵山字一位岳,34.290348,131.099869
山口県,美祢市,末原窯跡群,県指定史跡,,美祢市美東町大字赤字北ヶ迫,34.232838,131.357422
山口県,美祢市,神功皇后神社のイチイガシ,県指定天然記念物,,美祢市西厚保町本郷,34.101791,131.147842
山口県,周南市,潮音洞,県指定史跡,,周南市大字鹿野上字鏡池,34.253082,131.853287
山口県,周南市,若山城跡,県指定史跡,,周南市大字夜市,34.089615,131.715469
山口県,周南市,勝栄寺土塁及び旧境内,県指定史跡,,周南市中央町,34.071091,131.764679
山口県,周南市,秘密尾の氷見神社社叢,県指定天然記念物,,周南市大字須万字宮の前・字奥山,34.216507,131.890137
山口県,周南市,須万風呂ヶ原のエノキ,県指定天然記念物,,周南市大字須万,34.216507,131.890137
山口県,山陽小野田市,小野田セメント徳利窯,県指定史跡,,山陽小野田市大字小野田,33.957695,131.172302
山口県,山陽小野田市,長光寺山古墳,県指定史跡,,山陽小野田市大字郡字弥ヶ迫,34.022358,131.141968
山口県,山陽小野田市,竜王山のハマセンダン,県指定天然記念物,,山陽小野田市大字小野田字高田尾及び字小浜,33.957695,131.172302
山口県,周防大島町,水無瀬島のアコウ自生地帯,県指定天然記念物,,周防大島町大字沖家室島,33.852745,132.361847
山口県,上関町,常満寺の大イチョウ,県指定天然記念物,,上関町大字室津,33.846363,132.134216
山口県,上関町,祝島のケグワ,県指定天然記念物,,上関町大字祝島字小田,33.783669,131.976837
山口県,上関町,八島与崎のカシワ・ビャクシン群落,県指定天然記念物,,上関町大字八島字出崎・字古浦,33.73867,132.145187
山口県,田布施町,後井古墳,県指定史跡,,田布施町大字宿井字後井,33.973915,132.020782
山口県,田布施町,国森古墳,県指定史跡,,田布施町大字川西下大力・字国森,33.96246,132.009094
山口県,田布施町,宿井のハゼノキ,県指定天然記念物,,田布施町大字宿井字橋ヶ下,33.973915,132.020782
山口県,平生町,"白鳥古墳
　付　　陪塚及び周濠",県指定史跡,,平生町大字佐賀字森の下上,33.8988,132.092407
山口県,平生町,岩田遺跡,県指定史跡,,平生町大字佐賀字森の下上,33.8988,132.092407
山口県,平生町,神花山古墳,県指定史跡,,平生町大字佐賀字森の下上,33.8988,132.092407
山口県,阿武町,御山神社経塚,県指定史跡,,阿武町大字惣郷,34.584091,131.576477
山口県,阿武町,大覚寺のビャクシン巨樹,県指定天然記念物,,阿武町大字奈古字東光寺,34.515255,131.516464
山口県,阿武町,鶴ヶ嶺八幡宮のクスノキ,県指定天然記念物,,阿武町大字奈古,34.515255,131.516464
山口県,阿武町,姫島樹林,県指定天然記念物,,阿武町大字宇田,34.558441,131.550919
山口県,山口市,米本文明,県指定無形文化財,鷺流狂言,山口市,34.178333,131.473892
山口県,山口市,大和保男,県指定無形文化財,萩焼,山口市,34.178333,131.473892
山口県,山口市,大和祐二,県指定無形文化財,萩焼,山口市,34.178333,131.473892
山口県,萩市,野坂康起,県指定無形文化財,萩焼,萩市,34.408054,131.39917
山口県,萩市,波多野善蔵,県指定無形文化財,萩焼,萩市,34.408054,131.39917
山口県,萩市,岡田裕,県指定無形文化財,萩焼,萩市,34.408054,131.39917
山口県,長門市,坂倉正治,県指定無形文化財,萩焼,長門市,34.37056,131.182617
山口県,長門市,新庄貞嗣,県指定無形文化財,萩焼,長門市,34.37056,131.182617
山口県,下関市,堀尾信夫,県指定無形文化財,赤間硯,下関市,33.957287,130.940964
山口県,宇部市,日枝敏夫,県指定無形文化財,赤間硯,宇部市,33.951511,131.246811
山口県,宇部市,芦河内薬師堂,県指定有形民俗文化財,,宇部市大字芦河内,34.087074,131.271667
山口県,長門市,長門市向岸寺の鯨位牌及び鯨鯢過去帖,県指定有形民俗文化財,,長門市通,34.427689,131.244095
山口県,柳井市,小田家の生活用具・商家資料・町家,県指定有形民俗文化財,,柳井市大字柳井津,33.967808,132.110336
山口県,美祢市,美東町佐山の山神枡,県指定有形民俗文化財,,美祢市美東町大字赤,34.232838,131.357422
山口県,美祢市,長登の岩絵具製造用具および製品,県指定有形民俗文化財,,美祢市美東町大字長登,34.232838,131.357422
山口県,美祢市,伊佐の売薬用具及び売薬関係史料,県指定有形民俗文化財,,美祢市大嶺東分,34.196835,131.16124
山口県,周防大島町,庄地のスイドウ,県指定有形民俗文化財,,周防大島町大字久賀,33.937672,132.266953
山口県,平生町,土手町南蛮樋,県指定有形民俗文化財,,平生町大字平生字土手町,33.945328,132.07637
山口県,下関市,浜出祭,県指定無形民俗文化財,,下関市,33.957287,130.940964
山口県,下関市,忌宮神社の数方庭行事,県指定無形民俗文化財,,下関市,33.957287,130.940964
山口県,宇部市,岩戸神楽舞,県指定無形民俗文化財,,宇部市,33.951511,131.246811
山口県,山口市,小鯖代神楽舞,県指定無形民俗文化財,,山口市,34.178333,131.473892
山口県,山口市,鷺の舞,県指定無形民俗文化財,,山口市,34.178333,131.473892
山口県,山口市,陶の腰輪踊,県指定無形民俗文化財,,山口市,34.178333,131.473892
山口県,山口市,徳地人形浄瑠璃,県指定無形民俗文化財,,山口市,34.178333,131.473892
山口県,萩市,住吉神社「お船謡」,県指定無形民俗文化財,,萩市,34.408054,131.39917
山口県,萩市,上三原の田植ばやし,県指定無形民俗文化財,,萩市,34.408054,131.39917
山口県,萩市,友信神楽舞,県指定無形民俗文化財,,萩市,34.408054,131.39917
山口県,防府市,玉祖神社の占手神事,県指定無形民俗文化財,,防府市,34.051945,131.562775
山口県,下松市,切山歌舞伎,県指定無形民俗文化財,,下松市,34.014999,131.870285
山口県,岩国市,岩国南条踊,県指定無形民俗文化財,,岩国市,34.166595,132.218842
山口県,岩国市,山代本谷神楽舞,県指定無形民俗文化財,,岩国市,34.166595,132.218842
山口県,岩国市,山代白羽神楽,県指定無形民俗文化財,,岩国市,34.166595,132.218842
山口県,岩国市,由宇町清水の山ノ神祭り,県指定無形民俗文化財,,岩国市,34.166595,132.218842
山口県,光市,島田人形浄瑠璃芝居,県指定無形民俗文化財,,光市,33.961895,131.942123
山口県,長門市,湯本南条踊,県指定無形民俗文化財,,長門市,34.37056,131.182617
山口県,長門市,赤崎神社楽踊,県指定無形民俗文化財,,長門市,34.37056,131.182617
山口県,長門市,俵山女歌舞伎,県指定無形民俗文化財,,長門市,34.37056,131.182617
山口県,長門市,滝坂神楽舞,県指定無形民俗文化財,,長門市,34.37056,131.182617
山口県,長門市,三隅の腰輪踊,県指定無形民俗文化財,,長門市,34.37056,131.182617
山口県,長門市,北浦地方のサバー送り,県指定無形民俗文化財,,長門市,34.37056,131.182617
山口県,美祢市,別府念仏踊,県指定無形民俗文化財,,美祢市,34.166668,131.205826
山口県,美祢市,別府岩戸神楽舞,県指定無形民俗文化財,,美祢市,34.166668,131.205826
山口県,周南市,式内踊,県指定無形民俗文化財,,周南市,34.055725,131.806595
山口県,周南市,長穂念仏踊,県指定無形民俗文化財,,周南市,34.055725,131.806595
山口県,周南市,諫鼓踊,県指定無形民俗文化財,,周南市,34.055725,131.806595
山口県,周南市,花笠踊,県指定無形民俗文化財,,周南市,34.055725,131.806595
山口県,周南市,周南市安田の糸あやつり人形芝居,県指定無形民俗文化財,,周南市,34.055725,131.806595
山口県,周南市,山﨑八幡宮の本山神事,県指定無形民俗文化財,,周南市,34.055725,131.806595
山口県,周防大島町,久賀のなむでん踊,県指定無形民俗文化財,,周防大島町大字久賀,33.937672,132.266953
山口県,上関町,祝島の神舞神事,県指定無形民俗文化財,,上関町,33.783625,131.974199
山口県,田布施町,大波野神舞,県指定無形民俗文化財,,田布施町,33.954723,132.041382